-- phpMyAdmin SQL Dump
-- version 4.5.2
-- http://www.phpmyadmin.net
--
-- Host: localhost
-- Generation Time: Nov 07, 2016 at 10:53 AM
-- Server version: 10.1.16-MariaDB
-- PHP Version: 5.6.24

SET SQL_MODE = "NO_AUTO_VALUE_ON_ZERO";
SET time_zone = "+00:00";


/*!40101 SET @OLD_CHARACTER_SET_CLIENT=@@CHARACTER_SET_CLIENT */;
/*!40101 SET @OLD_CHARACTER_SET_RESULTS=@@CHARACTER_SET_RESULTS */;
/*!40101 SET @OLD_COLLATION_CONNECTION=@@COLLATION_CONNECTION */;
/*!40101 SET NAMES utf8mb4 */;

--
-- Database: `pochtabank`
--

-- --------------------------------------------------------

--
-- Table structure for table `atms`
--

CREATE TABLE `atms` (
  `id` int(11) NOT NULL,
  `gorod_id` int(11) NOT NULL,
  `adress` char(255) NOT NULL,
  `whose_atm_id` int(2) NOT NULL,
  `mode` char(255) NOT NULL,
  `services` int(1) NOT NULL
) ENGINE=InnoDB DEFAULT CHARSET=utf8;

--
-- Dumping data for table `atms`
--

INSERT INTO `atms` (`id`, `gorod_id`, `adress`, `whose_atm_id`, `mode`, `services`) VALUES
(26, 318, 'г. Курган, ул. Коли Мяготина, д. 126', 1, 'пн.-пт.: 09.00-21.00, сб.-вс.: 10.00-17.00', 1),
(27, 318, 'г. Курган, ул. Гоголя, д. 103 к.1', 2, 'круглосуточно', 3),
(28, 318, 'г. Курган, ул. Гоголя, д. 44', 1, 'пн.-пт.: 08.00-20.00, сб.-вс.: 09.00-18.00', 3),
(29, 318, 'г. Курган, ул. Гоголя, д. 44', 2, 'В режиме работы организации', 3),
(30, 318, 'г. Курган, ул. Станционная, д. 51', 2, 'В режиме работы организации', 2),
(31, 318, 'г. Курган, ул. Томина, д. 63', 2, 'В режиме работы организации', 2),
(32, 318, 'г. Курган, ул. Некрасова, д. 9а', 2, 'В режиме работы организации', 2),
(33, 318, 'г. Курган, ул. Куйбышева, д. 28', 2, 'круглосуточно', 3),
(34, 318, 'г. Курган, ул. Кирова, д. 111/1', 2, 'В режиме работы организации', 3),
(35, 318, 'г. Курган, ул. Карла Маркса, д. 76/1', 2, 'В режиме работы организации', 2),
(36, 318, 'г. Курган, ул. Пролетарская, д. 11', 2, 'В режиме работы организации', 2),
(37, 318, 'г. Курган, ул. Куйбышева, д. 72', 2, 'Круглосуточно', 2),
(38, 318, 'г. Курган, ул. Станционная, д. 19', 2, 'В режиме работы организации', 2),
(39, 318, 'г. Курган, пл. им. В.М. Слосмана, д. 6, стр.1,2', 2, 'В режиме работы организации', 2),
(40, 318, 'г. Курган, ул. Садовая, д. 52', 2, 'В режиме работы организации', 2),
(41, 318, 'г. Курган, ул. Пушкина, д. 25', 2, 'В режиме работы организации', 3),
(42, 318, 'г. Курган, ул. Омская, д. 3', 2, 'В режиме работы организации', 2),
(43, 318, 'г. Курган, ул. Невежина, д. 3, строение 10', 2, 'В режиме работы организации', 3),
(44, 318, 'г. Курган, ул. 6 микрорайон, д. 33', 2, 'В режиме работы организации', 3),
(45, 318, 'г. Курган, мкр. 4-й, д. 25', 2, 'В режиме работы организации', 2),
(46, 318, 'г. Курган, мкр. 3, д. 30', 2, 'В режиме работы организации', 3),
(47, 318, 'г. Курган, мкр. 1, д. 33 строение 1', 2, 'В режиме работы организации', 2),
(48, 318, 'г. Курган, пр-кт Конституции, д. 59/1', 2, 'В режиме работы организации', 2),
(49, 227, 'г. Каменск-Уральский, ул. Суворова, д. 24', 2, 'В режиме работы организации', 3),
(50, 227, 'г. Каменск-Уральский, ул. Каменская, д. 84а', 2, 'В режиме работы организации', 2),
(51, 227, 'г. Каменск-Уральский, ул. Алюминиевая, д. 74', 1, 'пн.-пт.: 08.00-20.00, обед: 13.00-14.00, сб.: 09.00-18.00, обед: 13.00-14.00', 3),
(52, 227, 'г. Каменск-Уральский, пр-т Победы, д. 5', 1, 'пн.-пт.: 08.00-20.00, обед: 13.00-14.00, сб.: 09.00-18.00, обед: 13.00-14.00', 3),
(53, 227, 'г. Каменск-Уральский, ул. Ленина, д. 36а', 2, 'круглосуточно', 3),
(54, 227, 'г. Каменск-Уральский, пр-кт Победы, д. 11а', 2, 'В режиме работы организации', 2),
(55, 227, 'г. Каменск-Уральский, пр-кт Победы, д. 33а', 2, 'В режиме работы организации', 2),
(56, 227, 'г. Каменск-Уральский, ул. Кунавина, д. 25', 2, 'В режиме работы организации', 2),
(57, 227, 'г. Каменск-Уральский, ул. Привокзальная, д. 13', 2, 'В режиме работы организации', 2),
(58, 227, 'г. Каменск-Уральский, ул. Каменская, д. 11', 2, 'В режиме работы организации', 2),
(59, 232, 'г. Камышлов, ул. Карла Маркса, д. 59', 1, 'пн.-пт.: 08.00-20.00, сб.: 09.00-18.00,вс.: 09.00-14.00', 3),
(60, 232, 'г. Камышлов, ул. Красных Орлов, д. 83', 2, 'В режиме работы организации', 3),
(61, 232, 'г. Камышлов, ул. Красных Орлов, д. 85', 2, 'В режиме работы организации', 2),
(62, 232, 'г. Камышлов, ул. Карла Маркса, д. 52', 2, 'В режиме работы организации', 2),
(63, 232, 'г. Камышлов, ул. Куйбышева, д. 10', 2, 'В режиме работы организации', 2),
(64, 232, 'г. Камышлов, ул. Фарфористов, д. 6', 2, 'В режиме работы организации', 2),
(65, 7, 'г. Абакан, ул. Некрасова, д. 22б', 2, 'В режиме работы организации', 2),
(66, 7, 'г. Абакан, пр-кт Дружбы Народов, д. 50', 2, 'В режиме работы организации', 3),
(67, 7, 'г. Абакан, ул. Вокзальная, д. 17', 2, 'В режиме работы организации', 2),
(68, 7, 'г. Абакан, ул. Щетинкина, д. 32', 2, 'В режиме работы организации', 2),
(69, 7, 'г. Абакан, ул. Щетинкина, д. 30', 1, 'пн.-пт.: 09.00-21.00, сб.-вс.: 10.00-17.00', 3),
(70, 7, 'г. Абакан, ул. Торговая, д. 5В', 2, 'В режиме работы организации', 2),
(71, 7, 'г. Абакан, пр-т Ленина, д. 86А', 1, 'пн.-пт.: 08.00-22.00, сб.-вс.: 09.00-18.00', 3),
(72, 7, 'г. Абакан, ул. Пушкина, д. 78', 2, 'В режиме работы организации', 2),
(73, 7, 'г. Абакан, ул. Вяткина, д. 21', 2, 'пн.-пт.: с 09:00 по 20:00, сб.: с 09:00 по 17:00, вс.: выходной', 3),
(74, 7, 'г. Абакан, ул. Пирятинская, д. 20', 2, 'В режиме работы организации', 2),
(75, 7, 'г. Абакан, ул. Стофато, д. 2', 2, 'В режиме работы организации', 3),
(76, 7, 'г. Абакан, ул. Кошурникова, д. 23', 2, 'В режиме работы организации', 2),
(77, 7, 'г. Абакан, ул. Жукова, д. 18', 2, 'В режиме работы организации', 2),
(78, 7, 'г. Абакан, ул. Станционная, д. 79, литера, В 6', 2, 'В режиме работы организации', 2),
(79, 8, 'г. Абинск, ул. Советов, д. 148', 1, 'пн.-пт.: 08.00-20.00, сб.: 09.00-18.00, вс.: 09.00-14.00', 3),
(80, 162, 'г. Екатеринбург, ул. Малышева, д. 98', 2, 'В режиме работы организации', 2),
(81, 162, 'г. Екатеринбург, ул. Луначарского, д. 185', 2, 'круглосуточно', 3),
(82, 162, 'г. Екатеринбург, пр-кт Ленина, д. 71', 2, 'В режиме работы организации', 2),
(83, 162, 'г. Екатеринбург, ул. Луначарского, д. 128 литер А', 2, 'круглосуточно', 3),
(84, 162, 'г. Екатеринбург, ул. Луначарского, д. 203', 2, 'Круглосуточно', 2),
(85, 162, 'г. Екатеринбург, ул. Красноармейская, д. 2а', 2, 'В режиме работы организации', 2),
(86, 162, 'г. Екатеринбург, ул. Куйбышева, д. 44', 2, 'круглосуточно', 3),
(87, 162, 'г. Екатеринбург, ул. Луначарского, д. 77', 2, 'В режиме работы организации', 2),
(88, 162, 'г. Екатеринбург, ул. Восточная, д. 92', 2, 'В режиме работы организации', 2),
(89, 162, 'г. Екатеринбург, ул. Белинского, д. 86, литера А', 2, 'круглосуточно', 3),
(90, 162, 'г.Екатеринбург, пр-т Ленина, д. 39', 1, 'пн.-пт.: 08.00-20.00, сб.: 09.00-18.00, вс.: 09.00-14.00', 3),
(91, 162, 'г. Екатеринбург, ул. Советская, д. 6а', 2, 'В режиме работы организации', 2),
(92, 162, 'г. Екатеринбург, ул. Пролетарская, д. 7', 2, 'В режиме работы организации', 2),
(93, 162, 'г. Екатеринбург, ул. 8 Марта, д. 52', 2, 'В режиме работы организации', 2),
(94, 162, 'г. Екатеринбург, ул. Уральская, д. 70', 1, 'пн.-пт.: 09.00-21.00, сб.: 10.00-17.00', 1),
(95, 162, 'г. Екатеринбург, ст. метро площадь 1905 года', 2, 'В режиме работы организации', 2),
(96, 162, 'г. Екатеринбург, пр-кт Ленина, д. 101/16', 2, 'пн.-пт.: с 09:00 по 20.00, сб.: с 10:00 по 19.00, вс.: выходной', 3),
(97, 162, 'г. Екатеринбург, ул. Гагарина, д. 20', 2, 'В режиме работы организации', 2),
(98, 162, 'г. Екатеринбург, ул. Малышева, д. 126', 2, 'В режиме работы организации', 2),
(99, 162, 'г. Екатеринбург, ул. Смазчиков, д. 3', 2, 'Круглосуточно', 2),
(100, 162, 'г. Екатеринбург, ул. Белинского, 135', 2, 'Круглосуточно', 2),
(101, 162, 'г. Екатеринбург, ул. Учителей, 2б', 2, 'В режиме работы организации', 3),
(102, 162, 'г. Екатеринбург, ул. Блюхера, д. 39', 2, 'В режиме работы организации', 3),
(103, 162, 'г. Екатеринбург, ул. 8 Марта, д. 46', 2, 'В режиме работы организации', 2),
(104, 162, 'г. Екатеринбург, ул. Мельковская, д. 2, корп. Б', 1, 'пн.-пт.: 08.00-20.00, сб.: 09.00-18.00, вс.: 09.00-14.00', 3),
(105, 162, 'г. Екатеринбург, ул. Николая Никонова, д. 18', 2, 'В режиме работы организации', 2),
(106, 162, 'г. Екатеринбург, ул. Свердлова, д. 27', 2, 'В режиме работы организации', 3),
(107, 162, 'г. Екатеринбург, пр-кт Ленина, д. 27', 2, 'В режиме работы организации', 3),
(108, 162, 'г. Екатеринбург, пр-кт Космонавтов, д. 2', 2, 'В режиме работы организации', 2),
(109, 162, 'г. Екатеринбург, пр-кт Ленина, д. 25', 2, 'В режиме работы организации', 2),
(110, 162, 'г. Екатеринбург, ул. Мира, д. 22', 2, 'В режиме работы организации', 2),
(111, 162, 'г. Екатеринбург, ул. Вокзальная, д. 22', 2, 'В режиме работы организации', 2),
(112, 162, 'г. Екатеринбург, ул. Вокзальная, д. 22', 2, 'В режиме работы организации', 2),
(113, 162, 'г. Екатеринбург, ул. Вокзальная, д. 22', 2, 'В режиме работы организации', 3),
(114, 162, 'г. Екатеринбург, ул. Хохрякова, д. 43', 2, 'круглосуточно', 3),
(115, 162, 'г. Екатеринбург, ул. 8 марта, д. 127', 1, 'пн.-пт.: 09.00-21.00, сб.-вс.: 10.00-17.00', 1),
(116, 162, 'г. Екатеринбург, ул. 8 Марта, д. 144', 2, 'круглосуточно', 3),
(117, 162, 'г. Екатеринбург, ул. Мира, д. 1', 2, 'Круглосуточно', 3),
(118, 162, 'г. Екатеринбург, ул. Челюскинцев, д. 86', 2, 'В режиме работы организации', 2),
(119, 162, 'г. Екатеринбург, Станция метро "Чкаловская"', 2, 'В режиме работы организации', 2),
(120, 162, 'г. Екатеринбург, ул. Вокзальная, д. 16', 2, 'В режиме работы организации', 2),
(121, 162, 'г. Екатеринбург, ул. Челюскинцев, д. 15', 2, 'В режиме работы организации', 2),
(122, 162, 'г. Екатеринбург, пер. Невьянский, д. 1', 2, 'В режиме работы организации', 2),
(123, 162, 'г. Екатеринбург, Сибирский тракт 12 км', 2, 'В режиме работы организации', 2),
(124, 162, 'г. Екатеринбург, ул. Героев России, д. 2', 2, 'В режиме работы организации', 2),
(125, 162, 'г. Екатеринбург, ул. Авиационная, д. 69', 1, 'пн.-пт.: 08.00-20.00, обед: 13.00-14.00, сб.: 09.00-18.00, обед: 13.00-14.00', 3),
(126, 162, 'г. Екатеринбург, ул. Маршала Жукова, д. 5', 2, 'В режиме работы организации', 2),
(127, 162, 'г. Екатеринбург, ул. Стрелочников, д. 41', 2, 'пн.-пт.: с 09:00 по 20:00', 2),
(128, 162, 'г. Екатеринбург, ул. Сулимова, д. 23', 2, 'круглосуточно', 3),
(129, 162, 'г. Екатеринбург, ул. Вокзальная, д. 6', 2, 'В режиме работы организации', 2),
(130, 162, 'г. Екатеринбург, ул. Челюскинцев, д. 11', 2, 'В режиме работы организации', 3),
(131, 162, 'г. Екатеринбург, ул. Серова, д. 41', 2, 'В режиме работы организации', 2),
(132, 162, 'г. Екатеринбург, ул. Белинского, д. 222', 2, 'круглосуточно', 3),
(133, 162, 'г. Екатеринбург, ул. Комсомольская, д. 76', 2, 'В режиме работы организации', 2),
(134, 162, 'г. Екатеринбург, ул. Комсомольская, д. 1', 2, 'В режиме работы организации', 2),
(135, 162, 'г. Екатеринбург, ул. Стрелочников, д. 19а', 2, 'В режиме работы организации', 2),
(136, 162, 'г. Екатеринбург, ул. Академика Шварца, д. 17', 2, 'В режиме работы организации', 3),
(137, 162, 'г. Екатеринбург, ул. Стрелочников, д. 10а', 2, 'В режиме работы организации', 2),
(138, 162, 'г. Екатеринбург, ул. Академика Шварца, д. 17', 1, 'пн.-пт.: 09.00-21.00, сб.: 10.00-17.00', 1),
(139, 162, 'г. Екатеринбург, ул. Тагильская, д. 2', 2, 'В режиме работы организации', 2),
(140, 162, 'г. Екатеринбург, Станция метро "Ботаническая"', 2, 'В режиме работы организации', 2),
(141, 162, 'г. Екатеринбург, ул. Малышева, д. 5', 2, 'В режиме работы организации', 3),
(142, 162, 'г. Екатеринбург, ул. Гражданская, д. 9', 2, 'В режиме работы организации', 2),
(143, 162, 'г. Екатеринбург, ул. Ясная, д. 2', 2, 'В режиме работы организации', 2),
(144, 162, 'г. Екатеринбург, ул. 8 Марта, д. 185', 2, 'В режиме работы организации', 2),
(145, 162, 'г. Екатеринбург, ул. Родонитовая, д. 19', 2, 'В режиме работы организации', 2),
(146, 162, 'г. Екатеринбург, пер. Базовый, д. 45', 2, 'В режиме работы организации', 2),
(147, 162, 'г. Екатеринбург, пр-кт Космонавтов, д. 26', 2, 'В режиме работы организации', 2),
(148, 162, 'г. Екатеринбург, ул. Бабушкина, д. 2', 2, 'В режиме работы организации', 3),
(149, 162, 'г. Екатеринбург, Станция метро "Уралмаш"', 2, 'В режиме работы организации', 2),
(150, 162, 'г. Екатеринбург, ул. Посадская, д. 24', 2, 'В режиме работы организации', 2),
(151, 162, 'г. Екатеринбург, ул. Шефская, д. 2н', 2, 'В режиме работы организации', 2),
(152, 162, 'г. Екатеринбург, ул. Владимира Высоцкого, д. 12', 2, 'В режиме работы организации', 2),
(153, 162, 'г. Екатеринбург, ул. Щербакова, д. 4', 2, 'В режиме работы организации', 3),
(154, 162, 'г. Екатеринбург, ул. Щербакова, д. 4', 2, 'В режиме работы организации', 2),
(155, 162, 'г.Екатеринбург, ул. Титова, д. 14', 1, 'пн.-пт.: 09.00-19.00, обед: 13.00-14.00, сб.: 09.00-15.00', 3),
(156, 162, 'г. Екатеринбург, ул. Белореченская, д. 14', 1, 'пн.-пт.: 09.00-21.00, сб.: 10.00-17.00', 1),
(157, 162, 'г. Екатеринбург, ул. Титова, д. 17в', 2, 'В режиме работы организации', 2),
(158, 162, 'г. Екатеринбург, ул. Кузнецова, д. 21', 2, 'пн.-пт.: с 09:00 по 20.00, сб.: с 10:00 по 17:00', 3),
(159, 162, 'г. Екатеринбург, ул. Амундсена, д. 65', 2, 'В режиме работы организации', 2),
(160, 162, 'г. Екатеринбург, ул. Амундсена, д. 62', 2, 'круглосуточно', 3),
(161, 162, 'г. Екатеринбург, пр-кт Космонавтов, д. 58', 2, 'В режиме работы организации', 2),
(162, 162, 'г. Екатеринбург, ул. Белореченская, д. 15', 2, 'круглосуточно', 3),
(163, 162, 'г. Екатеринбург, ул. Опалихинская, 15', 2, 'В режиме работы организации', 2),
(164, 162, 'г. Екатеринбург, ул. Благодатская, д. 76', 2, 'В режиме работы организации', 2),
(165, 162, 'г. Екатеринбург, ул. Амундсена, д. 64', 1, 'пн.-пт.: 09.00-21.00, сб.: 10.00-17.00', 1),
(166, 162, 'г. Екатеринбург, б-р Сиреневый, д. 2', 2, 'В режиме работы организации', 3),
(167, 162, 'г. Екатеринбург, ул. Кирова, д. 33', 2, 'В режиме работы организации', 2),
(168, 162, 'г. Екатеринбург, ул. Крауля, д. 44', 2, 'круглосуточно', 3),
(169, 162, 'г. Екатеринбург, пр-кт Орджоникидзе, 10', 2, 'В режиме работы организации', 2),
(170, 162, 'г. Екатеринбург, ул. Старых Большевиков, д. 75б', 1, 'пн.-пт.: 08.00-20.00, сб.: 09.00-18.00, вс.: 09.00-14.00', 3),
(171, 162, 'г. Екатеринбург, ул. Белореченская, д. 30', 1, 'пн.-пт.: 08.00-20.00, сб.: 09.00-18.00, вс.: 09.00-14.00', 3),
(172, 162, 'г. Екатеринбург, пр-кт Космонавтов, д. 41', 2, 'В режиме работы организации', 2),
(173, 162, 'г. Екатеринбург, станция метро «Проспект Космонавтов»', 2, 'В режиме работы организации', 2),
(174, 162, 'г. Екатеринбург, ул. Машиностроителей, д. 10', 2, 'круглосуточно', 3),
(175, 162, 'г. Екатеринбург, пр-т Космонавтов, д. 72', 1, 'пн.-пт.: 09.00-21.00, сб.: 10.00-17.00', 1),
(176, 162, 'г. Екатеринбург, ул. Патриса Лумумбы, д. 4б', 2, 'В режиме работы организации', 2),
(177, 162, 'г. Екатеринбург, ул. Черепанова, д. 12 а', 2, 'В режиме работы организации', 2),
(178, 162, 'г. Екатеринбург, ул. Бардина, д. 25, корпус 2', 2, 'В режиме работы организации', 2),
(179, 162, 'г. Екатеринбург, пр-кт Космонавтов, д. 53', 2, 'В режиме работы организации', 2),
(180, 162, 'г. Екатеринбург, ул. Восстания, д. 50', 2, 'В режиме работы организации', 2),
(181, 162, 'г. Екатеринбург, ул. Восстания, д. 56/4', 2, 'В режиме работы организации', 2),
(182, 162, 'г. Екатеринбург, ул. Симферопольская, д. 26а', 2, 'В режиме работы организации', 3),
(183, 162, 'г. Екатеринбург, ул. Халтурина, д. 55', 2, 'В режиме работы организации', 2),
(184, 162, 'г. Екатеринбург, парк Победы, д. 65', 2, 'В режиме работы организации', 2),
(185, 162, 'г. Екатеринбург, ул. Бебеля, д. 136', 2, 'Круглосуточно', 2),
(186, 162, 'г. Екатеринбург, б-р Культуры, д. 44', 2, 'В режиме работы организации', 2),
(187, 162, 'г. Екатеринбург, ул. Симферопольская, В/Городок №32, д. б/н', 2, 'В режиме работы организации', 2),
(188, 162, 'г. Екатеринбург, ул. Пехотинцев, 7а', 2, 'В режиме работы организации', 2),
(189, 162, 'г. Екатеринбург, ул. Крауля, д. 65', 2, 'В режиме работы организации', 2),
(190, 162, 'г. Екатеринбург, пр-кт Космонавтов, д. 102, корпус А', 2, 'В режиме работы организации', 2),
(191, 162, 'г. Екатеринбург, ул. Бебеля, д. 184', 2, 'В режиме работы организации', 3),
(192, 162, 'г. Екатеринбург, ул. Бебеля, д. 164', 1, 'пн.-пт.: 08.00-20.00, сб.: 09.00-18.00, вс.: 09.00-14.00', 3),
(193, 162, 'г. Екатеринбург, ул. Репина, д. 88', 2, 'В режиме работы организации', 2),
(194, 162, 'г. Екатеринбург, ул. Викулова, д. 65А', 1, 'вт.-пт.: 10.00-18.00, обед: 13.00-14.00, сб.: 09.00-15.00', 3),
(195, 162, 'г. Екатеринбург, ул. Умельцев, д. 13А', 2, 'В режиме работы организации', 2),
(196, 162, 'г. Екатеринбург, ул. Репина, д. 94', 2, 'В режиме работы организации', 3),
(197, 162, 'г. Екатеринбург, Сибирский тракт (дублер) 21 км', 2, 'В режиме работы организации', 2),
(198, 162, 'г. Екатеринбург, пер. Волчанский, д. 2А', 2, 'В режиме работы организации', 2),
(199, 162, 'г. Екатеринбург, ул. Таватуйская, д. 14', 2, 'В режиме работы организации', 2),
(200, 162, 'г. Екатеринбург, ул. Краснолесья, д. 12А', 2, 'В режиме работы организации', 2),
(201, 162, 'г. Екатеринбург, ул. Техническая, д. 37', 2, 'В режиме работы организации', 2),
(202, 162, 'г. Екатеринбург, ул. Техническая, д. 63', 2, 'В режиме работы организации', 2),
(203, 162, 'г. Екатеринбург, ул. Техническая, д. 63', 2, 'В режиме работы организации', 2),
(204, 162, 'г. Екатеринбург, ул. Техническая, д. 63', 2, 'В режиме работы организации', 2),
(205, 162, 'г. Екатеринбург, ул. Соболева, д. 5', 2, 'В режиме работы организации', 2),
(206, 162, 'г. Екатеринбург, ул. Орденоносцев, д. 2', 2, 'В режиме работы организации', 2),
(207, 162, 'г. Екатеринбург, ул. Электродепо, д. 3', 2, 'В режиме работы организации', 2),
(208, 162, 'г. Екатеринбург, ул. Металлургов, д. 85', 2, 'В режиме работы организации', 2),
(209, 162, 'г. Екатеринбург, ул. Вильгельма де Геннина, д. 33', 2, 'В режиме работы организации', 3),
(210, 162, 'г. Екатеринбург, ул. Грибоедова, д. 16', 2, 'В режиме работы организации', 2),
(211, 162, 'г. Екатеринбург, ул. Маневровая, д. 9', 2, 'В режиме работы организации', 2),
(212, 162, 'г. Екатеринбург, ул. Грибоедова, д. 24', 1, 'пн.-пт.: 08.00-20.00, сб.: 09.00-18.00, вс.: 09.00-14.00', 3),
(213, 162, 'г. Екатеринбург, ул. Билимбаевская, д. 15', 2, 'В режиме работы организации', 2),
(214, 162, 'г. Екатеринбург, ул. Соболева, д. 25', 2, 'В режиме работы организации', 2),
(215, 162, 'г. Екатеринбург, ул. Металлургов, д. 87', 2, 'В режиме работы организации', 3),
(216, 162, 'г. Екатеринбург, ул. Металлургов, д. 87', 2, 'В режиме работы организации', 2),
(217, 162, 'г. Екатеринбург, ул. Билимбаевская, д. 28', 2, 'В режиме работы организации', 2),
(218, 162, 'г. Екатеринбург, ул. Мурзинская, д. 27а', 2, 'В режиме работы организации', 2),
(219, 162, 'г. Екатеринбург, ул. Ангарская, д. 22', 2, 'В режиме работы организации', 2),
(220, 162, 'г. Березовский, тракт Березовский, д. 15', 2, 'В режиме работы организации', 2),
(221, 162, 'г. Екатеринбург, ул. Карельская, д. 68', 1, 'вт.-пт.: 10.00-18.00, обед: 13.00-14.00, сб.: 09.00-15.00', 3),
(222, 162, 'г. Екатеринбург, ул. Латвийская, д. 16', 2, 'В режиме работы организации', 2),
(223, 162, 'п. Первомайский, ул. Новотепловская, д. 3', 2, 'В режиме работы организации', 2),
(224, 162, 'г. Березовский, ул. Красных Героев, д. 2д', 2, 'В режиме работы организации', 3),
(225, 162, 'г. Березовский, ул. Театральная, д. 6', 2, 'В режиме работы организации', 2),
(226, 162, 'г. Березовский, ул. Театральная, д. 11', 2, 'В режиме работы организации', 2),
(227, 162, 'г. Екатеринбург, ул. Бахчиванджи, д. 25 Б', 2, 'В режиме работы организации', 2),
(228, 162, 'г. Березовский, ул. Гагарина, д. 22', 2, 'В режиме работы организации', 2),
(229, 162, 'п. Исток, ул. Главная, д. 18Б', 2, 'В режиме работы организации', 3),
(230, 160, 'г. Егорьевск, ул. Советская, д. 109', 1, 'пн.-пт.: 09.00-21.00, сб.-вс.: 10.00-17.00', 3),
(231, 160, 'г. Егорьевск, 6-й мкр., д. 3', 1, 'пн.-пт.: 08.00-20.00, сб.: 09.00-18.00', 3),
(232, 160, 'г. Егорьевск, 1-й мкр., д. 73', 1, 'пн.-пт.: 08.00-20.00, сб.: 09.00-18.00', 3),
(233, 251, 'г. Кинель, ул. Маяковского, д. 79', 1, 'пн.-пт.: 08.00-20.00, сб.: 09.00-18.00, вс.: 09.00-14.00', 3),
(234, 251, 'г. Кинель, ул. Маяковского, д. 84а', 2, 'круглосуточно', 2),
(235, 251, 'г. Кинель, ул. Маяковского, д. 84а', 2, 'В режиме работы организации', 2),
(236, 251, 'г. Кинель, ул. Советская, д. 64', 2, 'В режиме работы организации', 2),
(237, 282, 'г. Копейск, пр-кт Славы, д. 8', 2, 'В режиме работы организации', 2),
(238, 282, 'г. Копейск, ул. Сутягина, 15', 2, 'В режиме работы организации', 2),
(239, 282, 'г. Копейск, пр-т Победы, д. 11', 1, 'пн.-пт.: 09.00-21.00, сб.-вс.: 10.00-17.00', 1),
(240, 282, 'г. Копейск, пр-кт Победы, д. 27а', 2, 'пн.-пт.: с 09:00 по 20:00', 3),
(241, 238, 'г. Карасук, ул. Ленина, д. 12', 2, 'В режиме работы организации', 3),
(242, 238, 'г. Карасук, ул. Ленина, д. 106', 2, 'пн.-пт.: с 09:00 по 18:00', 1),
(243, 238, 'г. Карасук, ул. Калинина, д. 2', 2, 'В режиме работы организации', 2),
(244, 238, 'г. Карасук, ул. Октябрьская, д. 75', 1, 'пн.-пт.: 08.00-20.00, сб.: 09.00-18.00, вс.: 09.00-14.00', 3),
(245, 238, 'г. Карасук, ул. Ленина, д. 191', 2, 'В режиме работы организации', 2),
(246, 238, 'г. Карасук, ул. Комсомольская, д. 2г', 2, 'В режиме работы организации', 2),
(247, 238, 'г. Карасук, ул. Деповская, д. 1', 2, 'В режиме работы организации', 2),
(248, 233, 'г. Канаш, ул. Железнодорожная, д. 1', 2, 'В режиме работы организации', 2),
(249, 233, 'г. Канаш, ул. Московская, д. 11', 2, 'В режиме работы организации', 2),
(250, 233, 'г. Канаш, пр-кт Ленина, д. 31', 2, 'В режиме работы организации', 2),
(251, 233, 'г. Канаш, пр-кт Ленина, д. 34', 2, 'круглосуточно', 3),
(252, 216, 'г. Казань, ул. Ямашева, д. 76', 2, 'круглосуточно', 3),
(253, 216, 'г. Казань, ул. Вишневского, д. 14', 1, 'пн.-пт.: 09.00-21.00, сб.: 10.00-17.00', 3),
(254, 216, 'г. Казань, ул. Декабристов, д. 185\\47', 2, 'круглосуточно', 3),
(255, 216, 'г. Казань, ул. Декабристов, д. 185', 2, 'круглосуточно', 3),
(256, 216, 'г. Казань, ул. Декабристов, д. 18547', 2, 'пн.: с 00:00 по 20:00, вт.-пт.: с 09:00 по 20:00, сб.: с 10:00 по 17:00', 3),
(257, 216, 'г. Казань, ул. Амирхана, д. 71', 2, 'В режиме работы организации', 2),
(258, 216, 'г. Казань, Баруди, д. 8', 2, 'В режиме работы организации', 2),
(259, 216, 'г. Казань, ул. Декабристов, д. 191', 1, 'пн.-пт.: 08.00-20.00, обед: 13.00-14.00, сб.: 09.00-18.00, обед: 13.00-14.00', 3),
(260, 216, 'г. Казань, пр-т Ямашева, д. 82', 1, 'пн.-пт.: 09.00-21.00, сб.: 10.00-17.00', 3),
(261, 216, 'г. Казань, ул. Воровского, д. 27', 2, 'В режиме работы организации', 2),
(262, 216, 'г. Казань, ул. Дементьева, д. 1', 2, 'Круглосуточно', 2),
(263, 216, 'г. Казань, ул. Адоратского, д. 29А', 1, 'пн.-пт.: 08.00-20.00, обед: 13.00-14.00, сб.: 09.00-18.00, обед: 13.00-14.00', 3),
(264, 216, 'г. Казань, ул. Фрунзе, д. 17', 2, 'В режиме работы организации', 2),
(265, 216, 'г. Казань, ул. Оренбургский тракт, д. 6', 2, 'В режиме работы организации', 2),
(266, 216, 'г. Казань, ул. Максимова, д. 3', 2, 'круглосуточно', 3),
(267, 216, 'г. Казань, ул. Гвардейская, д. 31/42', 2, 'В режиме работы организации', 2),
(268, 216, 'г. Казань, ул. Фрунзе, д. 1', 1, 'пн.-пт.: 08.00-20.00, обед: 13.00-14.00, сб.: 09.00-18.00, обед: 13.00-14.00', 3),
(269, 216, 'г. Казань, ул. Ленинградская, д. 25', 2, 'В режиме работы организации', 3),
(270, 216, 'г. Казань, ул. Ершова, д. 65', 2, 'В режиме работы организации', 2),
(271, 216, 'г. Казань, Сибирский тракт, д. 9/5', 1, 'пн.-пт.: 08.00-20.00, сб.: 09.00-18.00, вс.: 09.00-14.00', 3),
(272, 216, 'г. Казань, ул. Академика Губкина, д. 2', 2, 'круглосуточно', 3),
(273, 216, 'г. Казань, ул. Хусаина Мавлютова, д. 17', 2, 'круглосуточно', 3),
(274, 216, 'г. Казань, ул. Мавлютова, д. 17', 2, 'круглосуточно', 3),
(275, 216, 'г. Казань, ул. Оренбургский тракт, д. 158', 2, 'В режиме работы организации', 2),
(276, 216, 'г. Казань, ул. Проспект Победы, д. 50Б', 2, 'В режиме работы организации', 2),
(277, 216, 'г. Казань, ул. Рихарда Зорге, д. 57/29', 2, 'пн.-пт.: с 09:00 по 20:00, сб.: с 09:00 по 17:00, вс.: с 09:00 по 20:00', 3),
(278, 216, 'г. Казань, пр-кт Победы, д. 91', 2, 'В режиме работы организации', 2),
(279, 216, 'г. Казань, пр-кт Победы, д. 100', 2, 'круглосуточно', 3),
(280, 216, 'г. Казань, ул. Академика Сахарова, д. 27', 1, 'пн.-пт.: 08.00-20.00, сб.: 09.00-18.00, вс.: 09.00-14.00', 3),
(281, 216, 'г. Казань, ул. Юлиуса Фучика, д. 34', 1, 'пн.-пт.: 08.00-20.00, сб.: 09.00-18.00, вс.: 09.00-14.00', 3),
(282, 216, 'г. Казань, ул. Минская, д. 9', 2, 'В режиме работы организации', 2),
(283, 216, 'г. Казань, ул. Ломжинская, д. 17', 2, 'В режиме работы организации', 2),
(284, 216, 'г. Казань, ул. Мира, д. 17', 1, 'пн.-пт.: 08.00-20.00, обед: 13.00-14.00, сб.: 09.00-18.00, обед: 13.00-14.00', 3),
(285, 216, 'г. Казань, ул. Юлиуса Фучика, д. 90', 2, 'В режиме работы организации', 2),
(286, 216, 'г. Казань, ул. Мира, д. 33', 2, 'круглосуточно', 3),
(287, 216, 'г. Казань, ул. Революционная, д. 14', 2, 'В режиме работы организации', 2),
(288, 216, 'г. Казань, ул. Революционная, д. 5', 2, 'В режиме работы организации', 2),
(289, 216, 'г. Казань, ул. Революционная, д. 1', 2, 'В режиме работы организации', 2),
(290, 216, 'г. Казань, ул. Залесная, д. 66', 2, 'В режиме работы организации', 2),
(291, 216, 'г. Казань, ул. Колымская, д. 2', 2, 'В режиме работы организации', 2),
(292, 10, 'г. Азов, пр-кт Зои Космодемьянской, д. 88', 2, 'круглосуточно', 3),
(293, 10, 'г. Азов, Петровский бул., д. 22', 1, 'пн.-пт.: 08.00-20.00, сб.: 09.00-18.00, вс.: 09.00-14.00', 3),
(294, 10, 'г. Азов, пер. Коллонтаевский, д. 66Б', 2, 'В режиме работы организации', 2),
(295, 10, 'г. Азов, ул. Макаровского, д. 100', 1, 'пн.-пт.: 08.00-20.00, сб.: 09.00-18.00', 3),
(296, 10, 'г. Азов, ул. Васильева, д. 1А', 2, 'В режиме работы организации', 2),
(297, 10, 'г. Азов, ул. Ленина, 266', 2, 'Круглосуточно', 2),
(298, 221, 'г.Калининград, ул. Горького, д. 148', 1, 'пн.-пт.: 08.00-20.00, сб.: 09.00-18.00, вс.: 09.00-14.00', 3),
(299, 221, 'г. Калининград, ул. Карла Маркса, д. 18', 2, 'В режиме работы организации', 2),
(300, 221, 'г. Калининград, ул. Согласия, 1', 2, 'В режиме работы организации', 2),
(301, 221, 'г. Калининград, ул. А.Невского, д. 24-30', 2, 'В режиме работы организации', 2),
(302, 221, 'г. Калининград, ул. Суворова, д. 1а', 2, 'В режиме работы организации', 2),
(303, 221, 'г. Красноярск, ул. Тельмана, д. 28В', 1, 'пн.-пт.: 08.00-20.00, сб.: 09.00-18.00, вс.: 09.00-14.00', 3),
(304, 221, 'г. Калининград, ул. Гайдара, д. 120', 2, 'В режиме работы организации', 2),
(305, 221, 'г. Калининград, ул. Ген. Челнокова, д. 11', 2, 'В режиме работы организации', 2),
(306, 221, 'г. Калининград, ул. Согласия, д. 2', 2, 'В режиме работы организации', 3),
(307, 221, 'г. Калининград, пр-кт Московский, д. 135', 2, 'В режиме работы организации', 3),
(308, 221, 'г. Калининград, ул. Дзержинского, д. 35', 2, 'В режиме работы организации', 3),
(309, 221, 'г. Калининград, пр-кт Мира, д. 61', 2, 'В режиме работы организации', 2),
(310, 221, 'г. Калининград, ул. Куйбышева, д. 91-91 А', 2, 'В режиме работы организации', 2),
(311, 221, 'г. Калининград, ул. Дзержинского, д. 74а', 2, 'В режиме работы организации', 2),
(312, 221, 'г. Калининград, ул. Красная, д. 142', 2, 'В режиме работы организации', 3),
(313, 221, 'г. Калининград, ул. А.Невского, д. 137Б', 2, 'В режиме работы организации', 2),
(314, 221, 'г. Калининград, ул. Невского, д. 90', 2, 'В режиме работы организации', 3),
(315, 221, 'г. Калининград, ул. Киевская, д. 71', 2, 'В режиме работы организации', 2),
(316, 221, 'г. Калининград, ул. Батальная, д. 62 А', 2, 'В режиме работы организации', 2),
(317, 221, 'г. Калининград, ул. Летняя, 5', 2, 'Круглосуточно', 2),
(318, 221, 'г. Калининград, б-р Л.Шевцовой, д. 1', 2, 'Круглосуточно', 3),
(319, 221, 'г. Калининград, ул. Громовой, д. 30', 2, 'В режиме работы организации', 2),
(320, 221, 'г. Калининград, пр-кт Победы, д. 40', 2, 'В режиме работы организации', 2),
(321, 221, 'г. Калининград, пр-кт Советский, д. 159', 2, 'В режиме работы организации', 2),
(322, 221, 'г. Калининград, пр-кт Мира, д. 142', 2, 'В режиме работы организации', 2),
(323, 221, 'г. Калининград, пр-кт Победы, д. 137', 2, 'В режиме работы организации', 3),
(324, 221, 'г. Калининград, туп. Транспортный, д. 10', 2, 'В режиме работы организации', 3),
(325, 221, 'г. Калининград, ул. Миклухо-Маклая, д. 10-14', 2, 'В режиме работы организации', 2),
(326, 221, 'г. Калининград, п. Космодемьяновск, Балтийское шоссе, д. 114', 2, 'В режиме работы организации', 2);

-- --------------------------------------------------------

--
-- Table structure for table `goroda`
--

CREATE TABLE `goroda` (
  `id` int(11) NOT NULL,
  `gorod` char(255) NOT NULL
) ENGINE=InnoDB DEFAULT CHARSET=utf8;

--
-- Dumping data for table `goroda`
--

INSERT INTO `goroda` (`id`, `gorod`) VALUES
(7, 'Абакан\n'),
(8, 'Абинск\n'),
(9, 'Адлер\n'),
(10, 'Азов\n'),
(11, 'Аксай\n'),
(12, 'Алапаевск\n'),
(13, 'Алатырь\n'),
(14, 'Алейск\n'),
(15, 'Александров\n'),
(16, 'Алексеевка\n'),
(17, 'Алексеевское\n'),
(18, 'Алексин\n'),
(19, 'Альметьевск\n'),
(20, 'Анапа\n'),
(21, 'Ангарск\n'),
(22, 'Андреевка\n'),
(23, 'Анжеро-Судженск\n'),
(24, 'Апатиты\n'),
(25, 'Апшеронск\n'),
(26, 'Аргаяш\n'),
(27, 'Арзамас\n'),
(28, 'Армавир\n'),
(29, 'Артемовский\n'),
(30, 'Архангельск\n'),
(31, 'Асбест\n'),
(32, 'Аскиз\n'),
(33, 'Астрахань\n'),
(34, 'Аткарск\n'),
(35, 'Ахтубинск\n'),
(36, 'Ачинск\n'),
(37, 'Аша\n'),
(38, 'Бавлы\n'),
(39, 'Балабаново\n'),
(40, 'Балаково\n'),
(41, 'Балахна\n'),
(42, 'Балашиха\n'),
(43, 'Балашов\n'),
(44, 'Балезино\n'),
(45, 'Балтаси\n'),
(46, 'Балтийск\n'),
(47, 'Барабинск\n'),
(48, 'Барнаул\n'),
(49, 'Барыш\n'),
(50, 'Батайск\n'),
(51, 'Башмаково\n'),
(52, 'Бежецк\n'),
(53, 'Безенчук\n'),
(54, 'Белая Калитва\n'),
(55, 'Белгород\n'),
(56, 'Белебей\n'),
(57, 'Белово\n'),
(58, 'Беломорск\n'),
(59, 'Белорецк\n'),
(60, 'Белореченск\n'),
(61, 'Белоярский\n'),
(62, 'Беляевка\n'),
(63, 'Бердск\n'),
(64, 'Березники\n'),
(65, 'Березовский\n'),
(66, 'Берёзовский\n'),
(67, 'Бийск\n'),
(68, 'Бирск\n'),
(69, 'Благодарный\n'),
(70, 'Бобров\n'),
(71, 'Богданович\n'),
(72, 'Богородск\n'),
(73, 'Богучар\n'),
(74, 'Бологое\n'),
(75, 'Болотное\n'),
(76, 'Бор\n'),
(77, 'Борисовка\n'),
(78, 'Борисоглебск\n'),
(79, 'Боровичи\n'),
(80, 'Боровск\n'),
(81, 'Бохан\n'),
(82, 'Братск\n'),
(83, 'Бронницы\n'),
(84, 'Брюховецкаястаница\n'),
(85, 'Брянск\n'),
(86, 'Бугульма\n'),
(87, 'Буденновск\n'),
(88, 'Бузулук\n'),
(89, 'Буинск\n'),
(90, 'Буй\n'),
(91, 'Бутурлиновка\n'),
(92, 'Вавож\n'),
(93, 'Валдай\n'),
(94, 'Великие Луки\n'),
(95, 'Великий Новгород\n'),
(96, 'Верещагино\n'),
(97, 'Верхний Уфалей\n'),
(98, 'Верхняя Пышма\n'),
(99, 'Видное\n'),
(100, 'Вичуга\n'),
(101, 'Владимир\n'),
(102, 'Волгоград\n'),
(103, 'Волгодонск\n'),
(104, 'Волгореченск\n'),
(105, 'Волжск\n'),
(106, 'Волжский\n'),
(107, 'Вологда\n'),
(108, 'Володарский\n'),
(109, 'Волоколамск\n'),
(110, 'Волосово\n'),
(111, 'Волхов\n'),
(112, 'Вольск\n'),
(113, 'Воронеж\n'),
(114, 'Воскресенск\n'),
(115, 'Воткинск\n'),
(116, 'Всеволожск\n'),
(117, 'Выборг\n'),
(118, 'Выкса\n'),
(119, 'Выселки\n'),
(120, 'Выселковский\n'),
(121, 'Вышний Волочек\n'),
(122, 'Вязники\n'),
(123, 'Вязьма\n'),
(124, 'Гаврилов-Ям\n'),
(125, 'Гагарин\n'),
(126, 'Гай\n'),
(127, 'Гатчина\n'),
(128, 'Геленджик\n'),
(129, 'Георгиевск\n'),
(130, 'Глазов\n'),
(131, 'Горно-Алтайск\n'),
(132, 'Городец\n'),
(133, 'Городище,Пензенскаяобласть\n'),
(134, 'Горячий Ключ\n'),
(135, 'Грязи\n'),
(136, 'Губаха\n'),
(137, 'Губкин\n'),
(138, 'Гулькевичи\n'),
(139, 'Гурьевск\n'),
(140, 'Гусев\n'),
(141, 'Гусь-Хрустальный\n'),
(142, 'Данков\n'),
(143, 'Десногорск\n'),
(144, 'Дзержинск\n'),
(145, 'Дзержинский\n'),
(146, 'Дивногорск\n'),
(147, 'Димитровград\n'),
(148, 'Динская станица\n'),
(149, 'Дмитров\n'),
(150, 'Добрянка\n'),
(151, 'Долгопрудный\n'),
(152, 'Домодедово\n'),
(153, 'Донецк\n'),
(154, 'Донское\n'),
(155, 'Донской\n'),
(156, 'Дубна\n'),
(157, 'Дюртюли\n'),
(158, 'Дядьковская станица\n'),
(159, 'Дятьково\n'),
(160, 'Егорьевск\n'),
(161, 'Ейск\n'),
(162, 'Екатеринбург\n'),
(163, 'Елабуга\n'),
(164, 'Елань\n'),
(165, 'Елец\n'),
(166, 'Еманжелинск\n'),
(167, 'Емельяново\n'),
(168, 'Ессентуки\n'),
(169, 'Ессентукская станица\n'),
(170, 'Ефремов\n'),
(171, 'Железноводск\n'),
(172, 'Железногорск,Красноярский край\n'),
(173, 'Железногорск,Курская область\n'),
(174, 'Железнодорожный\n'),
(175, 'Жигулевск\n'),
(176, 'Жирновск\n'),
(177, 'Жуковский\n'),
(178, 'Заводоуковск\n'),
(179, 'Заволжье\n'),
(180, 'Завьялово\n'),
(181, 'Заинск\n'),
(182, 'Заозерный\n'),
(183, 'Заозерск\n'),
(184, 'Заполярный\n'),
(185, 'Зарайск\n'),
(186, 'Заречный\n'),
(187, 'Заречный Свердловскаяобласть\n'),
(188, 'Заринск\n'),
(189, 'Звенигород\n'),
(190, 'Зеленогорск\n'),
(191, 'Зеленоград\n'),
(192, 'Зеленодольск\n'),
(193, 'Зеленокумск\n'),
(194, 'Зерноград\n'),
(195, 'Зима\n'),
(196, 'Златоуст\n'),
(197, 'Иваново\n'),
(198, 'Ивантеевка\n'),
(199, 'Ижевск\n'),
(200, 'Изобильный\n'),
(201, 'Икряное\n'),
(202, 'Илек\n'),
(203, 'Иловля\n'),
(204, 'Инжавино\n'),
(205, 'Инза\n'),
(206, 'Ипатово\n'),
(207, 'Ирбит\n'),
(208, 'Исилькуль\n'),
(209, 'Искитим\n'),
(210, 'Искитим\n'),
(211, 'Истра\n'),
(212, 'Ишим\n'),
(213, 'Ишимбай\n'),
(214, 'Йошкар-Ола\n'),
(215, 'Кавказская станица\n'),
(216, 'Казань\n'),
(217, 'Казьминское\n'),
(218, 'Калач\n'),
(219, 'Калач-на-Дону\n'),
(220, 'Калачинск\n'),
(221, 'Калининград\n'),
(222, 'Калининск\n'),
(223, 'Калуга\n'),
(224, 'Калязин\n'),
(225, 'Камбарка\n'),
(226, 'Каменка\n'),
(227, 'Каменск-Уральский\n'),
(228, 'Каменск-Шахтинский\n'),
(229, 'Камень-на-Оби\n'),
(230, 'Камызяк\n'),
(231, 'Камышин\n'),
(232, 'Камышлов\n'),
(233, 'Канаш\n'),
(234, 'Кандалакша\n'),
(235, 'Каневская станица\n'),
(236, 'Канск\n'),
(237, 'Карабаново\n'),
(238, 'Карасук\n'),
(239, 'Карачев\n'),
(240, 'Каргасок\n'),
(241, 'Карталы\n'),
(242, 'Касимов\n'),
(243, 'Касли\n'),
(244, 'Качканар\n'),
(245, 'Кашин\n'),
(246, 'Кашира\n'),
(247, 'Кемерово\n'),
(248, 'Кимовск\n'),
(249, 'Кимры\n'),
(250, 'Кингисепп\n'),
(251, 'Кинель\n'),
(252, 'Кинель-Черкассы\n'),
(253, 'Кинешма\n'),
(254, 'Киреевск\n'),
(255, 'Киржач\n'),
(256, 'Кириши\n'),
(257, 'Киров\n'),
(258, 'Киров,Калужская область\n'),
(259, 'Кировград\n'),
(260, 'Кирово-Чепецк\n'),
(261, 'Кировск\n'),
(262, 'Кировск,Ленинградская область\n'),
(263, 'Кирс\n'),
(264, 'Кирсанов\n'),
(265, 'Киселевск\n'),
(266, 'Кисловодск\n'),
(267, 'Климовск\n'),
(268, 'Клин\n'),
(269, 'Клинцы\n'),
(270, 'Ковров\n'),
(271, 'Ковылкино\n'),
(272, 'Козельск\n'),
(273, 'Козулька\n'),
(274, 'Кола\n'),
(275, 'Коломна\n'),
(276, 'Коломна-\n'),
(277, 'Колпашево\n'),
(278, 'Колпино\n'),
(279, 'Кольчугино\n'),
(280, 'Конаково\n'),
(281, 'Кондопога\n'),
(282, 'Копейск\n'),
(283, 'Кораблино\n'),
(284, 'Кореновск\n'),
(285, 'Коркино\n'),
(286, 'Королев\n'),
(287, 'Короча\n'),
(288, 'Костомукша\n'),
(289, 'Кострома\n'),
(290, 'Котельники\n'),
(291, 'Котельнич\n'),
(292, 'Котово\n'),
(293, 'Котовск\n'),
(294, 'Красноармейск\n'),
(295, 'Красногвардейское\n'),
(296, 'Красногорск\n'),
(297, 'Краснодар\n'),
(298, 'Красное Село\n'),
(299, 'Краснокамск\n'),
(300, 'Краснообск\n'),
(301, 'Красноуральск\n'),
(302, 'Красноуфимск\n'),
(303, 'Красноярск\n'),
(304, 'Красный Кут\n'),
(305, 'КрасныйЯр\n'),
(306, 'Кременки\n'),
(307, 'Кронштадт\n'),
(308, 'Кропоткин\n'),
(309, 'Крымск\n'),
(310, 'Кстово\n'),
(311, 'Кувандык\n'),
(312, 'Кудымкар\n'),
(313, 'Кузнецк\n'),
(314, 'Куйбышев\n'),
(315, 'Кулебаки\n'),
(316, 'Кумертау\n'),
(317, 'Кунгур\n'),
(318, 'Курган\n'),
(319, 'Курганинск\n'),
(320, 'Курск\n'),
(321, 'Куртамыш\n'),
(322, 'Курчатов\n'),
(323, 'Кущевская станица\n'),
(324, 'Кыштым\n'),
(325, 'Кяхта\n'),
(326, 'Лабинск\n'),
(327, 'Ладожская станица\n'),
(328, 'Лазаревское\n'),
(329, 'Лангепас\n'),
(330, 'Лебедянь\n'),
(331, 'Ленинградская\n'),
(332, 'Лениногорск\n'),
(333, 'Ленинск-Кузнецкий\n'),
(334, 'Лесосибирск\n'),
(335, 'Ливны\n'),
(336, 'Лиман\n'),
(337, 'Липецк\n'),
(338, 'Лиски\n'),
(339, 'Лихославль\n'),
(340, 'Лобня\n'),
(341, 'Ломоносов\n'),
(342, 'Луга\n'),
(343, 'Луховицы\n'),
(344, 'Лысьва\n'),
(345, 'Лыткарино\n'),
(346, 'Люберцы\n'),
(347, 'Любинский\n'),
(348, 'Людиново\n'),
(349, 'Лянтор\n'),
(350, 'Магнитогорск\n'),
(351, 'Малоархангельск\n'),
(352, 'Малоярославец\n'),
(353, 'Маркса\n'),
(354, 'Марьяновка\n'),
(355, 'Матвеев Курган\n'),
(356, 'Мегион\n'),
(357, 'Медвежьегорск\n'),
(358, 'Медногорск\n'),
(359, 'Междуреченск\n'),
(360, 'Мелеуз\n'),
(361, 'Металлострой\n'),
(362, 'Миасс\n'),
(363, 'Миллерово\n'),
(364, 'Минеральные Воды\n'),
(365, 'Минусинск\n'),
(366, 'Мирный\n'),
(367, 'Михайлов\n'),
(368, 'Михайловка\n'),
(369, 'Михайловск\n'),
(370, 'Мичуринск\n'),
(371, 'Можайск\n'),
(372, 'Можга\n'),
(373, 'Мокроус\n'),
(374, 'Мокшан\n'),
(375, 'Мончегорск\n'),
(376, 'Морозовск\n'),
(377, 'Моршанск\n'),
(378, 'Москва\n'),
(379, 'Московский\n'),
(380, 'Мостовской\n'),
(381, 'Мурманск\n'),
(382, 'Муром\n'),
(383, 'Мценск\n'),
(384, 'Мыски\n'),
(385, 'Мытищи\n'),
(386, 'Набережные Челны\n'),
(387, 'Навашино\n'),
(388, 'Навля\n'),
(389, 'Надым\n'),
(390, 'Назарово\n'),
(391, 'Наро-Фоминск\n'),
(392, 'Невинномысск\n'),
(393, 'Нелидово\n'),
(394, 'Неман\n'),
(395, 'Нефтегорск\n'),
(396, 'Нефтекамск\n'),
(397, 'Нефтеюганск\n'),
(398, 'Нижневартовск\n'),
(399, 'Нижнекамск\n'),
(400, 'Нижнеудинск\n'),
(401, 'Нижний Ломов\n'),
(402, 'Нижний Новгород\n'),
(403, 'Нижний Тагил\n'),
(404, 'Никель\n'),
(405, 'Николаевск\n'),
(406, 'Никольск\n'),
(407, 'Новоалександровск\n'),
(408, 'Новоалтайск\n'),
(409, 'Новоаннинский\n'),
(410, 'Нововоронеж\n'),
(411, 'Нововятск\n'),
(412, 'Новодвинск\n'),
(413, 'Новое Девяткино\n'),
(414, 'Новозыбков\n'),
(415, 'Новокубанск\n'),
(416, 'Новокузнецк,Кемеровская область\n'),
(417, 'Новокуйбышевск\n'),
(418, 'Новомичуринск\n'),
(419, 'Новомосковск\n'),
(420, 'Новопавловск\n'),
(421, 'Новороссийск\n'),
(422, 'Новосергиевка\n'),
(423, 'Новосибирск\n'),
(424, 'Новосиньково\n'),
(425, 'Новотроицк\n'),
(426, 'Новоузенск,Саратовская область\n'),
(427, 'Новоульяновск\n'),
(428, 'Новочебоксарск\n'),
(429, 'Новочеркасск\n'),
(430, 'Новошахтинск\n'),
(431, 'НовыйОскол\n'),
(432, 'Ногинск\n'),
(433, 'Ноябрьск\n'),
(434, 'Нурлат\n'),
(435, 'Нягань\n'),
(436, 'Няндома\n'),
(437, 'Обнинск\n'),
(438, 'Обоянь\n'),
(439, 'Одинцово\n'),
(440, 'Озёрск\n'),
(441, 'Озеры\n'),
(442, 'Октябрьск\n'),
(443, 'Октябрьский\n'),
(444, 'Октябрьское\n'),
(445, 'Окуловка\n'),
(446, 'Оленегорск\n'),
(447, 'Олонец\n'),
(448, 'Омск\n'),
(449, 'Омутнинск\n'),
(450, 'Онега\n'),
(451, 'Ордынское\n'),
(452, 'Орел\n'),
(453, 'Оренбург\n'),
(454, 'Орехово-Зуево\n'),
(455, 'Орск\n'),
(456, 'Осинники\n'),
(457, 'Осташков\n'),
(458, 'Острогожск\n'),
(459, 'Отрадный\n'),
(460, 'Павлово\n'),
(461, 'Павловск\n'),
(462, 'Павловская\n'),
(463, 'Павловский Посад\n'),
(464, 'Палласовка\n'),
(465, 'Пашино\n'),
(466, 'Пенза\n'),
(467, 'Первомайский\n'),
(468, 'Первоуральск\n'),
(469, 'Переславль-Залесский\n'),
(470, 'Пермь\n'),
(471, 'Петергоф\n'),
(472, 'Петровск\n'),
(473, 'Петрозаводск\n'),
(474, 'Питкяранта\n'),
(475, 'Поворино\n'),
(476, 'Погар\n'),
(477, 'Подольск\n'),
(478, 'Пойковский\n'),
(479, 'Покров\n'),
(480, 'Покровское\n'),
(481, 'Полевской\n'),
(482, 'Полтавская станица\n'),
(483, 'Полярные Зори\n'),
(484, 'Похвистнево\n'),
(485, 'Почеп\n'),
(486, 'Починки\n'),
(487, 'Починок\n'),
(488, 'Приволжск\n'),
(489, 'Приморско-Ахтарск\n'),
(490, 'Приозерск\n'),
(491, 'Прокопьевск\n'),
(492, 'Промышленная(пгт)\n'),
(493, 'Псков\n'),
(494, 'Пугачев\n'),
(495, 'Пушкин\n'),
(496, 'Пушкино\n'),
(497, 'Пышма\n'),
(498, 'Пятигорск\n'),
(499, 'Радужный\n'),
(500, 'Раменское\n'),
(501, 'Рассказово\n'),
(502, 'Реж\n'),
(503, 'Реутов\n'),
(504, 'Ржев\n'),
(505, 'Рославль\n'),
(506, 'Россошь\n'),
(507, 'Ростов\n'),
(508, 'Ростов-на-Дону\n'),
(509, 'Рубцовск\n'),
(510, 'Рузаевка\n'),
(511, 'Рыбинск\n'),
(512, 'Рыбное\n'),
(513, 'Ряжск\n'),
(514, 'Рязань\n'),
(515, 'Салават\n'),
(516, 'Салехард\n'),
(517, 'Сальск\n'),
(518, 'Самара\n'),
(519, 'Санкт-Петербург\n'),
(520, 'Саракташ\n'),
(521, 'Саранск\n'),
(522, 'Сарапул\n'),
(523, 'Саратов\n'),
(524, 'Сасово\n'),
(525, 'Сатка\n'),
(526, 'Саяногорск\n'),
(527, 'Саянск\n'),
(528, 'Светлоград\n'),
(529, 'Северобайкальск\n'),
(530, 'Северодвинск\n'),
(531, 'Североморск\n'),
(532, 'Северск\n'),
(533, 'Сегежа\n'),
(534, 'Селенгинск\n'),
(535, 'Семенов\n'),
(536, 'Семикаракорск\n'),
(537, 'Сергач\n'),
(538, 'Сергиев Посад\n'),
(539, 'Серов\n'),
(540, 'Серпухов\n'),
(541, 'Сестрорецк\n'),
(542, 'Сибай\n'),
(543, 'Сиверский\n'),
(544, 'Сигаево\n'),
(545, 'Скопин\n'),
(546, 'Славгород\n'),
(547, 'Славянск-на-Кубани\n'),
(548, 'Сланцы\n'),
(549, 'Слободской\n'),
(550, 'Слюдянка\n'),
(551, 'Смоленск\n'),
(552, 'Снежинск\n'),
(553, 'Снежногорск\n'),
(554, 'Собинка\n'),
(555, 'Советск\n'),
(556, 'Советск,Кировская область\n'),
(557, 'Советский\n'),
(558, 'Сокол\n'),
(559, 'Соликамск\n'),
(560, 'Солнечногорск\n'),
(561, 'Солнечногорский\n'),
(562, 'Соль-Илецк\n'),
(563, 'Сольцы\n'),
(564, 'Сорочинск\n'),
(565, 'Сортавала\n'),
(566, 'Сосновоборск\n'),
(567, 'Сосновский\n'),
(568, 'Сосновый Бор\n'),
(569, 'Сочи\n'),
(570, 'Ставрополь\n'),
(571, 'Старая Русса\n'),
(572, 'Старица\n'),
(573, 'Стародеревянковская станица\n'),
(574, 'Стародуб\n'),
(575, 'Старый Оскол\n'),
(576, 'Старый Петергоф\n'),
(577, 'Степное\n'),
(578, 'Стерлитамак\n'),
(579, 'Строитель\n'),
(580, 'Струнино\n'),
(581, 'Ступино\n'),
(582, 'Суворов\n'),
(583, 'Суджа\n'),
(584, 'Сургут\n'),
(585, 'Суровикино\n'),
(586, 'Суходол\n'),
(587, 'Сухой Лог\n'),
(588, 'Сызрань\n'),
(589, 'Сыктывкар\n'),
(590, 'Сысерть\n'),
(591, 'Таврическое\n'),
(592, 'Таганрог\n'),
(593, 'Тайга\n'),
(594, 'Тайшет\n'),
(595, 'Тамбов\n'),
(596, 'Тара\n'),
(597, 'Тбилисская\n'),
(598, 'Тверь\n'),
(599, 'Тейково\n'),
(600, 'Тельмана\n'),
(601, 'Темрюк\n'),
(602, 'Тимашевск\n'),
(603, 'Тихвин\n'),
(604, 'Тихорецк\n'),
(605, 'Тобольск\n'),
(606, 'Тогучин\n'),
(607, 'Тольятти\n'),
(608, 'Томск\n'),
(609, 'Топки\n'),
(610, 'Торжок\n'),
(611, 'Тосно\n'),
(612, 'Трехгорный\n'),
(613, 'Троицк Челябинскаяобласть\n'),
(614, 'Трубчевск\n'),
(615, 'Трудобеликовский хутор\n'),
(616, 'Туапсе\n'),
(617, 'Туймазы\n'),
(618, 'Тула\n'),
(619, 'Тутаев\n'),
(620, 'Тучково\n'),
(621, 'Тюкалинск\n'),
(622, 'Тюльган\n'),
(623, 'Тюмень\n'),
(624, 'Ува\n'),
(625, 'Уварово\n'),
(626, 'Углич\n'),
(627, 'Удомля\n'),
(628, 'Узловая\n'),
(629, 'Улан-Удэ\n'),
(630, 'Ульяновск\n'),
(631, 'Унеча\n'),
(632, 'Урай\n'),
(633, 'Урюпинск\n'),
(634, 'Усмань\n'),
(635, 'Усолье-Сибирское\n'),
(636, 'Усть-Илимск\n'),
(637, 'Усть-кут\n'),
(638, 'Усть-Лабинск\n'),
(639, 'Уфа\n'),
(640, 'Ухта\n'),
(641, 'Учалы\n'),
(642, 'Федяково\n'),
(643, 'Фролово\n'),
(644, 'Фрязино\n'),
(645, 'Фурманов\n'),
(646, 'Ханты-Мансийск\n'),
(647, 'Химки\n'),
(648, 'Чайковский\n'),
(649, 'Чалтырь\n'),
(650, 'Чапаевск\n'),
(651, 'Чаплыгин\n'),
(652, 'Чебаркуль\n'),
(653, 'Чебоксары\n'),
(654, 'Челябинск\n'),
(655, 'Чердаклы\n'),
(656, 'Черемхово\n'),
(657, 'Черепаново\n'),
(658, 'Череповец\n'),
(659, 'Черноголовка\n'),
(660, 'Черногорск\n'),
(661, 'Чернушка\n'),
(662, 'Черняховск\n'),
(663, 'Чистополь\n'),
(664, 'Чудово\n'),
(665, 'Чусовой\n'),
(666, 'Шадринск\n'),
(667, 'Шаркан\n'),
(668, 'Шарыпово\n'),
(669, 'Шарья\n'),
(670, 'Шатки\n'),
(671, 'Шатура\n'),
(672, 'Шахты\n'),
(673, 'Шебекино\n'),
(674, 'Шексна\n'),
(675, 'Шелехов\n'),
(676, 'Шира\n'),
(677, 'Шлиссельбург\n'),
(678, 'Шумерля\n'),
(679, 'Шуя\n'),
(680, 'Щекино\n'),
(681, 'Щелково\n'),
(682, 'Щигры\n'),
(683, 'Электросталь\n'),
(684, 'Энгельс\n'),
(685, 'Эртиль\n'),
(686, 'Югорск\n'),
(687, 'Южноуральск\n'),
(688, 'Юрга\n'),
(689, 'Юрьев-Польский\n'),
(690, 'Ялуторовск\n'),
(691, 'Ярково\n'),
(692, 'Ярославль\n'),
(693, 'Ярцево\n'),
(694, 'Ясный\n'),
(695, 'Яшкино\n');

-- --------------------------------------------------------

--
-- Table structure for table `goroda_draft`
--

CREATE TABLE `goroda_draft` (
  `id` int(11) NOT NULL,
  `gorod` char(255) NOT NULL
) ENGINE=InnoDB DEFAULT CHARSET=utf8;

--
-- Dumping data for table `goroda_draft`
--

INSERT INTO `goroda_draft` (`id`, `gorod`) VALUES
(9, 'Адлер\n'),
(11, 'Аксай\n'),
(12, 'Алапаевск\n'),
(13, 'Алатырь\n'),
(14, 'Алейск\n'),
(15, 'Александров\n'),
(16, 'Алексеевка\n'),
(17, 'Алексеевское\n'),
(18, 'Алексин\n'),
(19, 'Альметьевск\n'),
(20, 'Анапа\n'),
(21, 'Ангарск\n'),
(22, 'Андреевка\n'),
(23, 'Анжеро-Судженск\n'),
(24, 'Апатиты\n'),
(25, 'Апшеронск\n'),
(26, 'Аргаяш\n'),
(27, 'Арзамас\n'),
(28, 'Армавир\n'),
(29, 'Артемовский\n'),
(30, 'Архангельск\n'),
(31, 'Асбест\n'),
(32, 'Аскиз\n'),
(33, 'Астрахань\n'),
(34, 'Аткарск\n'),
(35, 'Ахтубинск\n'),
(36, 'Ачинск\n'),
(37, 'Аша\n'),
(38, 'Бавлы\n'),
(39, 'Балабаново\n'),
(40, 'Балаково\n'),
(41, 'Балахна\n'),
(42, 'Балашиха\n'),
(43, 'Балашов\n'),
(44, 'Балезино\n'),
(45, 'Балтаси\n'),
(46, 'Балтийск\n'),
(47, 'Барабинск\n'),
(48, 'Барнаул\n'),
(49, 'Барыш\n'),
(50, 'Батайск\n'),
(51, 'Башмаково\n'),
(52, 'Бежецк\n'),
(53, 'Безенчук\n'),
(54, 'Белая Калитва\n'),
(55, 'Белгород\n'),
(56, 'Белебей\n'),
(57, 'Белово\n'),
(58, 'Беломорск\n'),
(59, 'Белорецк\n'),
(60, 'Белореченск\n'),
(61, 'Белоярский\n'),
(62, 'Беляевка\n'),
(63, 'Бердск\n'),
(64, 'Березники\n'),
(65, 'Березовский\n'),
(66, 'Берёзовский\n'),
(67, 'Бийск\n'),
(68, 'Бирск\n'),
(69, 'Благодарный\n'),
(70, 'Бобров\n'),
(71, 'Богданович\n'),
(72, 'Богородск\n'),
(73, 'Богучар\n'),
(74, 'Бологое\n'),
(75, 'Болотное\n'),
(76, 'Бор\n'),
(77, 'Борисовка\n'),
(78, 'Борисоглебск\n'),
(79, 'Боровичи\n'),
(80, 'Боровск\n'),
(81, 'Бохан\n'),
(82, 'Братск\n'),
(83, 'Бронницы\n'),
(84, 'Брюховецкаястаница\n'),
(85, 'Брянск\n'),
(86, 'Бугульма\n'),
(87, 'Буденновск\n'),
(88, 'Бузулук\n'),
(89, 'Буинск\n'),
(90, 'Буй\n'),
(91, 'Бутурлиновка\n'),
(92, 'Вавож\n'),
(93, 'Валдай\n'),
(94, 'Великие Луки\n'),
(95, 'Великий Новгород\n'),
(96, 'Верещагино\n'),
(97, 'Верхний Уфалей\n'),
(98, 'Верхняя Пышма\n'),
(99, 'Видное\n'),
(100, 'Вичуга\n'),
(101, 'Владимир\n'),
(102, 'Волгоград\n'),
(103, 'Волгодонск\n'),
(104, 'Волгореченск\n'),
(105, 'Волжск\n'),
(106, 'Волжский\n'),
(107, 'Вологда\n'),
(108, 'Володарский\n'),
(109, 'Волоколамск\n'),
(110, 'Волосово\n'),
(111, 'Волхов\n'),
(112, 'Вольск\n'),
(113, 'Воронеж\n'),
(114, 'Воскресенск\n'),
(115, 'Воткинск\n'),
(116, 'Всеволожск\n'),
(117, 'Выборг\n'),
(118, 'Выкса\n'),
(119, 'Выселки\n'),
(120, 'Выселковский\n'),
(121, 'Вышний Волочек\n'),
(122, 'Вязники\n'),
(123, 'Вязьма\n'),
(124, 'Гаврилов-Ям\n'),
(125, 'Гагарин\n'),
(126, 'Гай\n'),
(127, 'Гатчина\n'),
(128, 'Геленджик\n'),
(129, 'Георгиевск\n'),
(130, 'Глазов\n'),
(131, 'Горно-Алтайск\n'),
(132, 'Городец\n'),
(133, 'Городище,Пензенскаяобласть\n'),
(134, 'Горячий Ключ\n'),
(135, 'Грязи\n'),
(136, 'Губаха\n'),
(137, 'Губкин\n'),
(138, 'Гулькевичи\n'),
(139, 'Гурьевск\n'),
(140, 'Гусев\n'),
(141, 'Гусь-Хрустальный\n'),
(142, 'Данков\n'),
(143, 'Десногорск\n'),
(144, 'Дзержинск\n'),
(145, 'Дзержинский\n'),
(146, 'Дивногорск\n'),
(147, 'Димитровград\n'),
(148, 'Динская станица\n'),
(149, 'Дмитров\n'),
(150, 'Добрянка\n'),
(151, 'Долгопрудный\n'),
(152, 'Домодедово\n'),
(153, 'Донецк\n'),
(154, 'Донское\n'),
(155, 'Донской\n'),
(156, 'Дубна\n'),
(157, 'Дюртюли\n'),
(158, 'Дядьковская станица\n'),
(159, 'Дятьково\n'),
(161, 'Ейск\n'),
(163, 'Елабуга\n'),
(164, 'Елань\n'),
(165, 'Елец\n'),
(166, 'Еманжелинск\n'),
(167, 'Емельяново\n'),
(168, 'Ессентуки\n'),
(169, 'Ессентукская станица\n'),
(170, 'Ефремов\n'),
(171, 'Железноводск\n'),
(172, 'Железногорск,Красноярский край\n'),
(173, 'Железногорск,Курская область\n'),
(174, 'Железнодорожный\n'),
(175, 'Жигулевск\n'),
(176, 'Жирновск\n'),
(177, 'Жуковский\n'),
(178, 'Заводоуковск\n'),
(179, 'Заволжье\n'),
(180, 'Завьялово\n'),
(181, 'Заинск\n'),
(182, 'Заозерный\n'),
(183, 'Заозерск\n'),
(184, 'Заполярный\n'),
(185, 'Зарайск\n'),
(186, 'Заречный\n'),
(187, 'Заречный Свердловскаяобласть\n'),
(188, 'Заринск\n'),
(189, 'Звенигород\n'),
(190, 'Зеленогорск\n'),
(191, 'Зеленоград\n'),
(192, 'Зеленодольск\n'),
(193, 'Зеленокумск\n'),
(194, 'Зерноград\n'),
(195, 'Зима\n'),
(196, 'Златоуст\n'),
(197, 'Иваново\n'),
(198, 'Ивантеевка\n'),
(199, 'Ижевск\n'),
(200, 'Изобильный\n'),
(201, 'Икряное\n'),
(202, 'Илек\n'),
(203, 'Иловля\n'),
(204, 'Инжавино\n'),
(205, 'Инза\n'),
(206, 'Ипатово\n'),
(207, 'Ирбит\n'),
(208, 'Исилькуль\n'),
(209, 'Искитим\n'),
(210, 'Искитим\n'),
(211, 'Истра\n'),
(212, 'Ишим\n'),
(213, 'Ишимбай\n'),
(214, 'Йошкар-Ола\n'),
(215, 'Кавказская станица\n'),
(217, 'Казьминское\n'),
(218, 'Калач\n'),
(219, 'Калач-на-Дону\n'),
(220, 'Калачинск\n'),
(222, 'Калининск\n'),
(223, 'Калуга\n'),
(224, 'Калязин\n'),
(225, 'Камбарка\n'),
(226, 'Каменка\n'),
(228, 'Каменск-Шахтинский\n'),
(229, 'Камень-на-Оби\n'),
(230, 'Камызяк\n'),
(231, 'Камышин\n'),
(234, 'Кандалакша\n'),
(235, 'Каневская станица\n'),
(236, 'Канск\n'),
(237, 'Карабаново\n'),
(239, 'Карачев\n'),
(240, 'Каргасок\n'),
(241, 'Карталы\n'),
(242, 'Касимов\n'),
(243, 'Касли\n'),
(244, 'Качканар\n'),
(245, 'Кашин\n'),
(246, 'Кашира\n'),
(247, 'Кемерово\n'),
(248, 'Кимовск\n'),
(249, 'Кимры\n'),
(250, 'Кингисепп\n'),
(252, 'Кинель-Черкассы\n'),
(253, 'Кинешма\n'),
(254, 'Киреевск\n'),
(255, 'Киржач\n'),
(256, 'Кириши\n'),
(257, 'Киров\n'),
(258, 'Киров,Калужская область\n'),
(259, 'Кировград\n'),
(260, 'Кирово-Чепецк\n'),
(261, 'Кировск\n'),
(262, 'Кировск,Ленинградская область\n'),
(263, 'Кирс\n'),
(264, 'Кирсанов\n'),
(265, 'Киселевск\n'),
(266, 'Кисловодск\n'),
(267, 'Климовск\n'),
(268, 'Клин\n'),
(269, 'Клинцы\n'),
(270, 'Ковров\n'),
(271, 'Ковылкино\n'),
(272, 'Козельск\n'),
(273, 'Козулька\n'),
(274, 'Кола\n'),
(275, 'Коломна\n'),
(276, 'Коломна-\n'),
(277, 'Колпашево\n'),
(278, 'Колпино\n'),
(279, 'Кольчугино\n'),
(280, 'Конаково\n'),
(281, 'Кондопога\n'),
(283, 'Кораблино\n'),
(284, 'Кореновск\n'),
(285, 'Коркино\n'),
(286, 'Королев\n'),
(287, 'Короча\n'),
(288, 'Костомукша\n'),
(289, 'Кострома\n'),
(290, 'Котельники\n'),
(291, 'Котельнич\n'),
(292, 'Котово\n'),
(293, 'Котовск\n'),
(294, 'Красноармейск\n'),
(295, 'Красногвардейское\n'),
(296, 'Красногорск\n'),
(297, 'Краснодар\n'),
(298, 'Красное Село\n'),
(299, 'Краснокамск\n'),
(300, 'Краснообск\n'),
(301, 'Красноуральск\n'),
(302, 'Красноуфимск\n'),
(303, 'Красноярск\n'),
(304, 'Красный Кут\n'),
(305, 'КрасныйЯр\n'),
(306, 'Кременки\n'),
(307, 'Кронштадт\n'),
(308, 'Кропоткин\n'),
(309, 'Крымск\n'),
(310, 'Кстово\n'),
(311, 'Кувандык\n'),
(312, 'Кудымкар\n'),
(313, 'Кузнецк\n'),
(314, 'Куйбышев\n'),
(315, 'Кулебаки\n'),
(316, 'Кумертау\n'),
(317, 'Кунгур\n'),
(319, 'Курганинск\n'),
(320, 'Курск\n'),
(321, 'Куртамыш\n'),
(322, 'Курчатов\n'),
(323, 'Кущевская станица\n'),
(324, 'Кыштым\n'),
(325, 'Кяхта\n'),
(326, 'Лабинск\n'),
(327, 'Ладожская станица\n'),
(328, 'Лазаревское\n'),
(329, 'Лангепас\n'),
(330, 'Лебедянь\n'),
(331, 'Ленинградская\n'),
(332, 'Лениногорск\n'),
(333, 'Ленинск-Кузнецкий\n'),
(334, 'Лесосибирск\n'),
(335, 'Ливны\n'),
(336, 'Лиман\n'),
(337, 'Липецк\n'),
(338, 'Лиски\n'),
(339, 'Лихославль\n'),
(340, 'Лобня\n'),
(341, 'Ломоносов\n'),
(342, 'Луга\n'),
(343, 'Луховицы\n'),
(344, 'Лысьва\n'),
(345, 'Лыткарино\n'),
(346, 'Люберцы\n'),
(347, 'Любинский\n'),
(348, 'Людиново\n'),
(349, 'Лянтор\n'),
(350, 'Магнитогорск\n'),
(351, 'Малоархангельск\n'),
(352, 'Малоярославец\n'),
(353, 'Маркса\n'),
(354, 'Марьяновка\n'),
(355, 'Матвеев Курган\n'),
(356, 'Мегион\n'),
(357, 'Медвежьегорск\n'),
(358, 'Медногорск\n'),
(359, 'Междуреченск\n'),
(360, 'Мелеуз\n'),
(361, 'Металлострой\n'),
(362, 'Миасс\n'),
(363, 'Миллерово\n'),
(364, 'Минеральные Воды\n'),
(365, 'Минусинск\n'),
(366, 'Мирный\n'),
(367, 'Михайлов\n'),
(368, 'Михайловка\n'),
(369, 'Михайловск\n'),
(370, 'Мичуринск\n'),
(371, 'Можайск\n'),
(372, 'Можга\n'),
(373, 'Мокроус\n'),
(374, 'Мокшан\n'),
(375, 'Мончегорск\n'),
(376, 'Морозовск\n'),
(377, 'Моршанск\n'),
(378, 'Москва\n'),
(379, 'Московский\n'),
(380, 'Мостовской\n'),
(381, 'Мурманск\n'),
(382, 'Муром\n'),
(383, 'Мценск\n'),
(384, 'Мыски\n'),
(385, 'Мытищи\n'),
(386, 'Набережные Челны\n'),
(387, 'Навашино\n'),
(388, 'Навля\n'),
(389, 'Надым\n'),
(390, 'Назарово\n'),
(391, 'Наро-Фоминск\n'),
(392, 'Невинномысск\n'),
(393, 'Нелидово\n'),
(394, 'Неман\n'),
(395, 'Нефтегорск\n'),
(396, 'Нефтекамск\n'),
(397, 'Нефтеюганск\n'),
(398, 'Нижневартовск\n'),
(399, 'Нижнекамск\n'),
(400, 'Нижнеудинск\n'),
(401, 'Нижний Ломов\n'),
(402, 'Нижний Новгород\n'),
(403, 'Нижний Тагил\n'),
(404, 'Никель\n'),
(405, 'Николаевск\n'),
(406, 'Никольск\n'),
(407, 'Новоалександровск\n'),
(408, 'Новоалтайск\n'),
(409, 'Новоаннинский\n'),
(410, 'Нововоронеж\n'),
(411, 'Нововятск\n'),
(412, 'Новодвинск\n'),
(413, 'Новое Девяткино\n'),
(414, 'Новозыбков\n'),
(415, 'Новокубанск\n'),
(416, 'Новокузнецк,Кемеровская область\n'),
(417, 'Новокуйбышевск\n'),
(418, 'Новомичуринск\n'),
(419, 'Новомосковск\n'),
(420, 'Новопавловск\n'),
(421, 'Новороссийск\n'),
(422, 'Новосергиевка\n'),
(423, 'Новосибирск\n'),
(424, 'Новосиньково\n'),
(425, 'Новотроицк\n'),
(426, 'Новоузенск,Саратовская область\n'),
(427, 'Новоульяновск\n'),
(428, 'Новочебоксарск\n'),
(429, 'Новочеркасск\n'),
(430, 'Новошахтинск\n'),
(431, 'НовыйОскол\n'),
(432, 'Ногинск\n'),
(433, 'Ноябрьск\n'),
(434, 'Нурлат\n'),
(435, 'Нягань\n'),
(436, 'Няндома\n'),
(437, 'Обнинск\n'),
(438, 'Обоянь\n'),
(439, 'Одинцово\n'),
(440, 'Озёрск\n'),
(441, 'Озеры\n'),
(442, 'Октябрьск\n'),
(443, 'Октябрьский\n'),
(444, 'Октябрьское\n'),
(445, 'Окуловка\n'),
(446, 'Оленегорск\n'),
(447, 'Олонец\n'),
(448, 'Омск\n'),
(449, 'Омутнинск\n'),
(450, 'Онега\n'),
(451, 'Ордынское\n'),
(452, 'Орел\n'),
(453, 'Оренбург\n'),
(454, 'Орехово-Зуево\n'),
(455, 'Орск\n'),
(456, 'Осинники\n'),
(457, 'Осташков\n'),
(458, 'Острогожск\n'),
(459, 'Отрадный\n'),
(460, 'Павлово\n'),
(461, 'Павловск\n'),
(462, 'Павловская\n'),
(463, 'Павловский Посад\n'),
(464, 'Палласовка\n'),
(465, 'Пашино\n'),
(466, 'Пенза\n'),
(467, 'Первомайский\n'),
(468, 'Первоуральск\n'),
(469, 'Переславль-Залесский\n'),
(470, 'Пермь\n'),
(471, 'Петергоф\n'),
(472, 'Петровск\n'),
(473, 'Петрозаводск\n'),
(474, 'Питкяранта\n'),
(475, 'Поворино\n'),
(476, 'Погар\n'),
(477, 'Подольск\n'),
(478, 'Пойковский\n'),
(479, 'Покров\n'),
(480, 'Покровское\n'),
(481, 'Полевской\n'),
(482, 'Полтавская станица\n'),
(483, 'Полярные Зори\n'),
(484, 'Похвистнево\n'),
(485, 'Почеп\n'),
(486, 'Починки\n'),
(487, 'Починок\n'),
(488, 'Приволжск\n'),
(489, 'Приморско-Ахтарск\n'),
(490, 'Приозерск\n'),
(491, 'Прокопьевск\n'),
(492, 'Промышленная(пгт)\n'),
(493, 'Псков\n'),
(494, 'Пугачев\n'),
(495, 'Пушкин\n'),
(496, 'Пушкино\n'),
(497, 'Пышма\n'),
(498, 'Пятигорск\n'),
(499, 'Радужный\n'),
(500, 'Раменское\n'),
(501, 'Рассказово\n'),
(502, 'Реж\n'),
(503, 'Реутов\n'),
(504, 'Ржев\n'),
(505, 'Рославль\n'),
(506, 'Россошь\n'),
(507, 'Ростов\n'),
(508, 'Ростов-на-Дону\n'),
(509, 'Рубцовск\n'),
(510, 'Рузаевка\n'),
(511, 'Рыбинск\n'),
(512, 'Рыбное\n'),
(513, 'Ряжск\n'),
(514, 'Рязань\n'),
(515, 'Салават\n'),
(516, 'Салехард\n'),
(517, 'Сальск\n'),
(518, 'Самара\n'),
(519, 'Санкт-Петербург\n'),
(520, 'Саракташ\n'),
(521, 'Саранск\n'),
(522, 'Сарапул\n'),
(523, 'Саратов\n'),
(524, 'Сасово\n'),
(525, 'Сатка\n'),
(526, 'Саяногорск\n'),
(527, 'Саянск\n'),
(528, 'Светлоград\n'),
(529, 'Северобайкальск\n'),
(530, 'Северодвинск\n'),
(531, 'Североморск\n'),
(532, 'Северск\n'),
(533, 'Сегежа\n'),
(534, 'Селенгинск\n'),
(535, 'Семенов\n'),
(536, 'Семикаракорск\n'),
(537, 'Сергач\n'),
(538, 'Сергиев Посад\n'),
(539, 'Серов\n'),
(540, 'Серпухов\n'),
(541, 'Сестрорецк\n'),
(542, 'Сибай\n'),
(543, 'Сиверский\n'),
(544, 'Сигаево\n'),
(545, 'Скопин\n'),
(546, 'Славгород\n'),
(547, 'Славянск-на-Кубани\n'),
(548, 'Сланцы\n'),
(549, 'Слободской\n'),
(550, 'Слюдянка\n'),
(551, 'Смоленск\n'),
(552, 'Снежинск\n'),
(553, 'Снежногорск\n'),
(554, 'Собинка\n'),
(555, 'Советск\n'),
(556, 'Советск,Кировская область\n'),
(557, 'Советский\n'),
(558, 'Сокол\n'),
(559, 'Соликамск\n'),
(560, 'Солнечногорск\n'),
(561, 'Солнечногорский\n'),
(562, 'Соль-Илецк\n'),
(563, 'Сольцы\n'),
(564, 'Сорочинск\n'),
(565, 'Сортавала\n'),
(566, 'Сосновоборск\n'),
(567, 'Сосновский\n'),
(568, 'Сосновый Бор\n'),
(569, 'Сочи\n'),
(570, 'Ставрополь\n'),
(571, 'Старая Русса\n'),
(572, 'Старица\n'),
(573, 'Стародеревянковская станица\n'),
(574, 'Стародуб\n'),
(575, 'Старый Оскол\n'),
(576, 'Старый Петергоф\n'),
(577, 'Степное\n'),
(578, 'Стерлитамак\n'),
(579, 'Строитель\n'),
(580, 'Струнино\n'),
(581, 'Ступино\n'),
(582, 'Суворов\n'),
(583, 'Суджа\n'),
(584, 'Сургут\n'),
(585, 'Суровикино\n'),
(586, 'Суходол\n'),
(587, 'Сухой Лог\n'),
(588, 'Сызрань\n'),
(589, 'Сыктывкар\n'),
(590, 'Сысерть\n'),
(591, 'Таврическое\n'),
(592, 'Таганрог\n'),
(593, 'Тайга\n'),
(594, 'Тайшет\n'),
(595, 'Тамбов\n'),
(596, 'Тара\n'),
(597, 'Тбилисская\n'),
(598, 'Тверь\n'),
(599, 'Тейково\n'),
(600, 'Тельмана\n'),
(601, 'Темрюк\n'),
(602, 'Тимашевск\n'),
(603, 'Тихвин\n'),
(604, 'Тихорецк\n'),
(605, 'Тобольск\n'),
(606, 'Тогучин\n'),
(607, 'Тольятти\n'),
(608, 'Томск\n'),
(609, 'Топки\n'),
(610, 'Торжок\n'),
(611, 'Тосно\n'),
(612, 'Трехгорный\n'),
(613, 'Троицк Челябинскаяобласть\n'),
(614, 'Трубчевск\n'),
(615, 'Трудобеликовский хутор\n'),
(616, 'Туапсе\n'),
(617, 'Туймазы\n'),
(618, 'Тула\n'),
(619, 'Тутаев\n'),
(620, 'Тучково\n'),
(621, 'Тюкалинск\n'),
(622, 'Тюльган\n'),
(623, 'Тюмень\n'),
(624, 'Ува\n'),
(625, 'Уварово\n'),
(626, 'Углич\n'),
(627, 'Удомля\n'),
(628, 'Узловая\n'),
(629, 'Улан-Удэ\n'),
(630, 'Ульяновск\n'),
(631, 'Унеча\n'),
(632, 'Урай\n'),
(633, 'Урюпинск\n'),
(634, 'Усмань\n'),
(635, 'Усолье-Сибирское\n'),
(636, 'Усть-Илимск\n'),
(637, 'Усть-кут\n'),
(638, 'Усть-Лабинск\n'),
(639, 'Уфа\n'),
(640, 'Ухта\n'),
(641, 'Учалы\n'),
(642, 'Федяково\n'),
(643, 'Фролово\n'),
(644, 'Фрязино\n'),
(645, 'Фурманов\n'),
(646, 'Ханты-Мансийск\n'),
(647, 'Химки\n'),
(648, 'Чайковский\n'),
(649, 'Чалтырь\n'),
(650, 'Чапаевск\n'),
(651, 'Чаплыгин\n'),
(652, 'Чебаркуль\n'),
(653, 'Чебоксары\n'),
(654, 'Челябинск\n'),
(655, 'Чердаклы\n'),
(656, 'Черемхово\n'),
(657, 'Черепаново\n'),
(658, 'Череповец\n'),
(659, 'Черноголовка\n'),
(660, 'Черногорск\n'),
(661, 'Чернушка\n'),
(662, 'Черняховск\n'),
(663, 'Чистополь\n'),
(664, 'Чудово\n'),
(665, 'Чусовой\n'),
(666, 'Шадринск\n'),
(667, 'Шаркан\n'),
(668, 'Шарыпово\n'),
(669, 'Шарья\n'),
(670, 'Шатки\n'),
(671, 'Шатура\n'),
(672, 'Шахты\n'),
(673, 'Шебекино\n'),
(674, 'Шексна\n'),
(675, 'Шелехов\n'),
(676, 'Шира\n'),
(677, 'Шлиссельбург\n'),
(678, 'Шумерля\n'),
(679, 'Шуя\n'),
(680, 'Щекино\n'),
(681, 'Щелково\n'),
(682, 'Щигры\n'),
(683, 'Электросталь\n'),
(684, 'Энгельс\n'),
(685, 'Эртиль\n'),
(686, 'Югорск\n'),
(687, 'Южноуральск\n'),
(688, 'Юрга\n'),
(689, 'Юрьев-Польский\n'),
(690, 'Ялуторовск\n'),
(691, 'Ярково\n'),
(692, 'Ярославль\n'),
(693, 'Ярцево\n'),
(694, 'Ясный\n'),
(695, 'Яшкино\n');

-- --------------------------------------------------------

--
-- Table structure for table `office`
--

CREATE TABLE `office` (
  `id` int(11) NOT NULL,
  `gorod_id` int(11) NOT NULL,
  `office_feature_id` int(11) NOT NULL,
  `adress` char(255) NOT NULL,
  `comment` varchar(500) NOT NULL,
  `location` char(255) NOT NULL,
  `mode` char(255) NOT NULL
) ENGINE=InnoDB DEFAULT CHARSET=utf8;

--
-- Dumping data for table `office`
--

INSERT INTO `office` (`id`, `gorod_id`, `office_feature_id`, `adress`, `comment`, `location`, `mode`) VALUES
(49, 227, 5, 'г. Каменск-Уральский, ул. Каменская, д. 87', '', 'В отделении «Почты России»', 'Пн-Пт: 08:00-13:00, 14:00-20:00, Сб: 09:00-13:00, 14:00-18:00, Вс: выходной день'),
(50, 227, 5, 'г. Каменск-Уральский, ул. Челябинская, д. 43', '', 'В отделении «Почты России»', 'Пн-Пт: 08:00-13:00, 14:00-20:00, Сб: 09:00-13:00, 14:00-18:00, Вс: выходной день'),
(51, 227, 2, 'г. Каменск-Уральский, ул. Алюминиевая, д. 74', '', 'В отделении «Почты России»', 'Пн-Пт: 08:00-13:00, 14:00-20:00, Сб: 09:00-13:00, 14:00-18:00, Вс: выходной день'),
(52, 227, 2, 'г. Каменск-Уральский, пр-т Победы, д. 5', '', 'Возле Площади Ленинского комсомола.', 'Пн-Пт: 10:00-20:00, Сб-Вс: выходной день'),
(53, 227, 4, 'г. Каменск-Уральский, пр-т Победы, д. 11А', 'Вниманию клиентов! Стойка продаж по адресу г. Каменск-Уральский, пр-т Победы, д. 11А не работает по техническим причинам до 26.09.2016.', 'ТЦ "Октябрьский", 1 этаж, за эскалатором', 'Пн-Пт: 10:00-19:00, Сб-Вс: 12:00-18:00'),
(54, 227, 5, 'г. Каменск-Уральский, ул. Мичурина, д. 38А', '', 'В отделении «Почты России»', 'Пн-Пт: 08:00-13:00, 14:00-20:00, Сб: 09:00-13:00, 14:00-18:00, Вс: выходной день'),
(55, 227, 5, 'г. Каменск-Уральский, ул. Алюминиевая, д. 14', '', 'В отделении «Почты России»', 'Пн-Пт: 08:00-13:00, 14:00-20:00, Сб: 09:00-13:00, 14:00-18:00, Вс: выходной день'),
(56, 227, 5, 'г. Каменск-Уральский, ул. Авиаторов, д. 7', '', 'В отделении «Почты России»', 'Пн-Пт: 08:00-13:00, 14:00-20:00, Сб: 09:00-13:00, 14:00-18:00, Вс: выходной день'),
(57, 227, 5, 'г. Каменск-Уральский, ул. Карла Маркса, д. 71', '', 'В отделении «Почты России»', 'Пн-Пт: 08:00-13:00, 14:00-20:00, Сб: 09:00-13:00, 14:00-18:00, Вс: выходной день'),
(58, 232, 2, 'г. Камышлов, ул. Карла Маркса, д. 59', '', 'Возле Центральной площади.', 'Пн-Пт: 10:00-19:00, Сб-Вс: выходной день'),
(59, 232, 5, 'г. Камышлов, ул. Карла Маркса, д. 59', '', 'В отделении «Почты России»', 'Пн-Пт: 08:00-20:00, Сб: 09:00-18:00, Вс: 09:00-14:00'),
(60, 232, 5, 'г. Камышлов, ул. Молодогвардейская, д. 10', '', 'В отделении «Почты России»', 'Пн-Пт: 08:00-13:00, 14:00-20:00; Сб: 09:00-13:00, 14:00-18:00; Вс: выходной день'),
(61, 318, 3, 'г. Курган, ул. Коли Мяготина, д. 126', '', 'На 1-ом этаже жилого здания, на пересечении улиц К. Мяготина и Ленина.', 'Пн-Пт: 09:00-21:00, Сб-Вс: 10:00-17:00'),
(62, 318, 2, 'г. Курган, ул. Гоголя, д. 44', '', 'Центральная площадь. Администрация города.', 'Пн-Пт: 10:00-19:00, Сб-Вс: выходной день'),
(63, 318, 1, 'г. Курган, пр-т Машиностроителей, д. 1А', 'Здесь вы можете оформить карту «Почтовый Экспресс» или предварительно одобренный кредит на индивидуальных условиях', 'Лазурит в ТЦ Алые Паруса', 'Пн-Вс: 10:00-20:00'),
(64, 318, 1, 'г. Курган, ул. Куйбышева, д. 74А', 'Здесь вы можете оформить карту «Почтовый Экспресс» или предварительно одобренный кредит на индивидуальных условиях', 'ДНС', 'Пн-Вс: 10:00-21:00'),
(65, 318, 1, 'г. Курган, ул. Коли Мяготина, д. 56', 'Здесь вы можете оформить карту «Почтовый Экспресс» или предварительно одобренный кредит на индивидуальных условиях', 'ДНС', 'Пн-Вс: 10:00-22:00'),
(66, 7, 3, 'г. Абакан, ул. Щетинкина, д. 30', '', 'Напротив Хакасского технического института.', 'Пн-Пт: 09:00-21:00, Сб-Вс: 10:00-17:00'),
(67, 7, 2, 'г. Абакан, пр-т Ленина, д. 86 А', '', 'Центральная почта', 'Пн-Пт: 09:00-19:00, Сб: 09:00-18:00, Вс: выходной день'),
(68, 8, 2, 'г. Абинск, ул. Советов, д. 148', '', 'ОПС находится в центре города по адресу ул. Советов 148, по бокам находятся цветочные лавки, напротив ювелирный магазин "585 проба".', 'Пн-Пт: 09:00-18:00, Сб-Вс: выходной день'),
(69, 162, 3, 'г. Екатеринбург, ул. Уральская, д. 70', '', 'ТЦ «Пионер»', 'Пн-Пт: 09:00-21:00, Сб: 10:00-17:00, Вс: выходной день'),
(70, 162, 5, 'г. Екатеринбург, ул. Короленко, д. 14', '', 'В отделении «Почты России»', 'Пн-Пт: 08:00-20:00, Сб: 09:00-18:00, Вс: 09:00-14:00'),
(71, 162, 2, 'г. Екатеринбург, пр-т Ленина, д. 39', '', 'Напротив кинотеатра "Салют".', 'Пн-Пт: 10:00-20:00, Сб-Вс: выходной день'),
(72, 162, 5, 'г. Екатеринбург, ул. Мира, д. 37', 'В отделении «Почты России»', 'Пн: выходной день', 'Вт-Пт: 09:00-13:00, 14:00-18:00, Сб: 09:00-15:00, Вс: выходной день'),
(73, 162, 5, 'г. Екатеринбург, ул. Красина, д. 7', '', 'В отделении «Почты России»', 'Пн-Пт: 08:00-13:00, 14:00-20:00, Сб: 09:00-13:00, 14:00-18:00, Вс: выходной день'),
(74, 162, 5, 'г. Екатеринбург, ул. Блюхера, д. 59', '', 'В отделении «Почты России»', 'Пн-Пт: 08:00-13:00, 14:00-20:00, Сб: 09:00-13:00, 14:00-18:00, Вс: выходной день'),
(75, 162, 2, 'г. Екатеринбург, ул. Мельковская, д. 2 корп.б', '', 'Администрация Железнодорожного района. Ближайшие остановки транспорта - метро "Динамо".', 'Пн: выходной день, Вт-Пт: 10:00-13:00, 14:00-19:00, Сб: 10:00-13:00, 14:00-18:00, Вс: выходной день'),
(76, 162, 5, 'г. Екатеринбург, ул. Лодыгина, д. 15', '', 'В отделении «Почты России»', 'Пн-Пт: 08:00-13:00, 14:00-20:00, Сб: 09:00-13:00, 14:00-18:00, Вс: выходной день'),
(77, 162, 1, 'г. Екатеринбург, ул. Вайнера, д. 19', 'Здесь вы можете оформить карту «Почтовый Экспресс» или предварительно одобренный кредит на индивидуальных условиях', 'ДНС в ТЦ Бум', 'Пн-Вс: 10:00-21:00'),
(78, 162, 3, 'г. Екатеринбург, ул. 8 Марта, д. 127', '', 'Остановка «Автовокзал», метро Чкаловская', 'Пн-Пт: 09:00-21:00, Сб-Вс: 10:00-17:00,'),
(79, 162, 2, 'г. Екатеринбург, ул. Авиационная, д. 69', '', 'Остановка транспорта "Авиационная".', 'Пн-Пт: 10:00-13:00, 14:00-19:00, Сб-Вс: выходной день'),
(80, 162, 3, 'г. Екатеринбург, ул. Академика Шварца, д. 17', '', 'ТЦ «Дирижабль»', 'Пн-Пт: 09:00-21:00, Сб: 10:00-17:00, Вс: выходной день'),
(81, 162, 1, 'г. Екатеринбург, ул. Шварца, д. 17', 'Здесь вы можете оформить карту «Почтовый Экспресс» или предварительно одобренный кредит на индивидуальных условиях', 'ДНС в ТЦ Дирижабль', 'Пн-Вс: 10:00-22:00'),
(82, 162, 5, 'г. Екатеринбург, ул. Стрелочников, д. 33, корп. 1', '', 'В отделении «Почты России»', 'Пн: выходной день, Вт-Пт: 09:00-13:00, 14:00-17:30, Сб: 09:00-15:00, Вс: выходной день'),
(83, 162, 5, 'г. Екатеринбург, бул. Тбилисский, д. 3', '', 'В отделении «Почты России»', 'Пн-Пт: 08:00-13:00, 14:00-20:00, Сб: 09:00-13:00, 14:00-20:00, Вс: выходной день'),
(84, 162, 1, 'г. Екатеринбург, ул. Сыромолотова, д. 14 , стр. 1', 'Здесь вы можете оформить карту «Почтовый Экспресс» или предварительно одобренный кредит на индивидуальных условиях', 'ДНС', 'Пн-Вс: 10:00-21:00'),
(85, 162, 1, 'г. Екатеринбург, ул. Щербакова, д. 4', 'Здесь вы можете оформить карту «Почтовый Экспресс» или предварительно одобренный кредит на индивидуальных условиях', 'ДНС в ТЦ Глобус', 'Пн-Вс: 10:00-22:00'),
(86, 162, 5, 'г. Екатеринбург, ул. Пальмиро Тольятти, д. 15', '', 'В отделении «Почты России»', 'Пн-Пт: 08:00-13:00, 14:00-20:00, Сб: 09:00-13:00, 14:00-18:00, Вс: выходной день'),
(87, 162, 5, 'г. Екатеринбург, ул. Кузнецова, д. 2', '', 'В отделении «Почты России»', 'Пн-Пт: 08:00-13:00, 14:00-20:00, Сб: 09:00-13:00, 14:00-18:00, Вс: выходной день'),
(88, 162, 1, 'г. Екатеринбург, бул. Верх-Исетский, д. 13', 'Здесь вы можете оформить карту «Почтовый Экспресс» или предварительно одобренный кредит на индивидуальных условиях', 'Аскона в ТЦ ЭМА', 'Пн-Вс: 10:00-21:00'),
(89, 162, 5, 'г. Екатеринбург, ул. Благодатская, д. 53', '', 'В отделении «Почты России»', 'Пн-Пт: 08:00-13:00, 14:00-20:00, Сб: 09:00-13:00, 14:00-18:00, Вс: выходной день'),
(90, 162, 5, 'г. Екатеринбург, ул. Баумана, д. 58', '', 'В отделении «Почты России»', 'Пн-Пт: 08:00-13:00, 14:00-20:00, Сб: 09:00-13:00, 14:00-18:00, Вс: выходной день'),
(91, 162, 1, 'г. Екатеринбург, ул. Победы, д. 2', 'Здесь вы можете оформить карту «Почтовый Экспресс» или предварительно одобренный кредит на индивидуальных условиях', 'ДНС', 'Пн-Вс: 10:00-21:00'),
(92, 162, 5, 'г. Екатеринбург, ул. Панельная, д. 13', '', 'В отделении «Почты России»', 'Пн-Пт: 08:00-13:00, 14:00-20:00, Сб: 09:00-13:00, 14:00-18:00, Вс: выходной день'),
(93, 162, 2, 'г. Екатеринбург, ул. Титова, д. 14', '', 'Остановка транспорта "Завод РТИ".', 'Пн-Пт: 10:00-13:00, 14:00-19:00, Сб-Вс: выходной день'),
(94, 162, 2, 'г. Екатеринбург, ул. Старых Большевиков, д. 75', '', 'В отделении «Почты России»', 'Пн-Пт: 09:00-18:00, Сб-Вс: выходной день'),
(95, 162, 5, 'г. Екатеринбург, бул. Верх-Исетский, д. 25', '', 'В отделении «Почты России»', 'Пн-Пт: 08:00-20:00, Сб: 09:00-18:00, Вс: выходной день'),
(96, 162, 1, 'г. Екатеринбург, пр-т Космонавтов, д. 41', 'Здесь вы можете оформить карту «Почтовый Экспресс» или предварительно одобренный кредит на индивидуальных условиях', 'ДНС', 'Пн-Вс: 10:00-21:00'),
(97, 162, 5, 'г. Екатеринбург, ул. Старых Большевиков, д. 82, корп. 2', '', 'В отделении «Почты России»', 'Пн-Пт: 08:00-13:00, 14:00-20:00, Сб: 09:00-13:00, 14:00-18:00, Вс: выходной день'),
(98, 162, 3, 'г. Екатеринбург, пр-т Космонавтов, д. 72', '', 'Выход из метро на ул. Фрезеровщиков, метро Проспект Космонавтов', 'Пн-Пт: 09:00-21:00, Сб: 10:00-17:00, Вс: выходной день'),
(99, 162, 3, 'г. Екатеринбург, ул. Белореченская, д. 14', '', 'Справа от магазина «Ол гуд»', 'Пн-Пт: 09:00-21:00, Сб: 10:00-17:00, Вс: выходной день'),
(100, 162, 3, 'г. Екатеринбург, ул. Амундсена, д. 64', '', 'Напротив ТЦ «КИТ»', 'Пн-Пт: 09:00-21:00, Сб: 10:00-17:00, Вс: выходной день'),
(101, 162, 5, 'г. Екатеринбург, ул. Проезжая, д. 105', '', 'В отделении «Почты России»', 'Пн: выходной день, Вт-Пт: 09:00-13:00, 14:00-18:00, Сб: 09:00-15:00, Вс: выходной день'),
(102, 162, 2, 'г. Екатеринбург, ул. Белореченская, д. 30', '', 'Остановка транспорта "Буревестник".', 'Пн-Пт: 10:00-20:00, Сб: 09:00-18:00, Вс: выходной день'),
(103, 162, 5, 'г. Екатеринбург, ул. Уральских Рабочих, д. 62', '', 'В отделении «Почты России»', 'Пн-Пт: 08:00-13:00, 14:00-20:00, Сб: 09:00-13:00, 14:00-18:00, Вс: выходной день'),
(104, 162, 5, 'г. Екатеринбург, ул. Красноуральская, д. 27, корп. 1', '', 'В отделении «Почты России»', 'Пн-Пт: 08:00-13:00, 14:00-20:00, Сб: 09:00-13:00, 14:00-18:00, Вс: выходной день'),
(105, 162, 1, 'г. Екатеринбург, ул. 40-летия Комсомола, д. 38', 'Здесь вы можете оформить карту «Почтовый Экспресс» или предварительно одобренный кредит на индивидуальных условиях', 'Лазурит в ТЦ Гулливер', 'Пн-Вс: 10:00-21:00'),
(106, 162, 1, 'г. Екатеринбург, ул. Победы, д. 65', 'Здесь вы можете оформить карту «Почтовый Экспресс» или предварительно одобренный кредит на индивидуальных условиях', 'ДНС', 'Пн-Вс: 10:00-21:00'),
(107, 162, 5, 'г. Екатеринбург, ул. Машиностроителей, д. 67А', '', 'В отделении «Почты России»', 'Пн-Пт: 08:00-13:00, 14:00-20:00, Сб: 09:00-13:00, 14:00-18:00, Вс: выходной день'),
(108, 162, 5, 'г. Екатеринбург, ул. Академика Бардина, д. 21А', '', 'В отделении «Почты России»', 'Пн: выходной день, Вт-Пт: 08:00-13:00, 14:00-19:00, Сб: 09:00-13:00, 14:00-18:00, Вс: выходной день'),
(109, 162, 5, 'г. Екатеринбург, ул. Крауля, д. 74', '', 'В отделении «Почты России»', 'Пн-Пт: 08:00-20:00, Сб: 09:00-18:00, Вс: 09:00-14:00'),
(110, 162, 5, 'г. Екатеринбург, ул. Окружная, д. 8', '', 'В отделении «Почты России»', 'Пн-Пт: 08:00-13:00, 14:00-20:00, Сб: 09:00-13:00, 14:00-18:00, Вс: выходной день'),
(111, 162, 2, 'г. Екатеринбург, ул. Бебеля, д. 164', '', 'Остановка транспорта "Пехотинцев".', 'Пн-Пт: 09:00-19:00, Сб-Вс: выходной день'),
(112, 162, 5, 'г. Екатеринбург, ул. Викулова, д. 65А', '', 'В отделении «Почты России»', 'Пн: выходной день, Вт-Сб: 10:00-13:00, 14:00-18:00, Вс: выходной день'),
(113, 162, 2, 'г. Екатеринбург, ул. Викулова, д. 65А', '', 'В отделении «Почты России»', 'Пн: выходной день, Вт-Пт: 10:00-13:00, 14:00-18:00, Сб: 09:00-15:00, Вс: выходной день'),
(114, 162, 1, 'г. Екатеринбург, ул. Техническая, д. 37', 'Здесь вы можете оформить карту «Почтовый Экспресс» или предварительно одобренный кредит на индивидуальных условиях', 'ДНС', 'Пн-Вс: 10:00-21:00'),
(115, 162, 1, 'г. Екатеринбург, ул. Профсоюзная, д. 43', 'Здесь вы можете оформить карту «Почтовый Экспресс» или предварительно одобренный кредит на индивидуальных условиях', 'Лазурит в ТЦ Полтинник', 'Пн-Вс: 10:00-20:00'),
(116, 162, 2, 'г. Екатеринбург, ул. Грибоедова, д. 24', '', 'Перекресток с пер. Многостаночников.', 'Пн-Пт: 10:00-19:00, Сб-Вс: выходной день'),
(117, 162, 5, 'г. Екатеринбург, ул. Техническая, д. 62', '', 'В отделении «Почты России»', 'Пн-Пт: 08:00-13:00, 14:00-20:00, Сб: 09:00-13:00, 14:00-18:00, Вс: выходной день'),
(118, 162, 5, 'г. Березовский, ул. Чапаева, д. 17А', '', 'В отделении «Почты России»', 'Пн-Пт: 08:00-13:00, 14:00-20:00, Сб: 09:00-13:00, 14:00-18:00, Вс: выходной день'),
(119, 162, 2, 'г. Екатеринбург, ул. Карельская, д. 68', '', 'Остановка "Компрессорный завод".', 'Пн-Пт: 09:00-13:00, 14:00-19:00, Сб-Вс: выходной день'),
(120, 162, 5, 'г. Березовский, ул. Красных Героев, д. 9', '', 'В отделении «Почты России»', 'Пн-Пт: 08:00-13:00, 14:00-20:00, Сб: 09:00-13:00, 14:00-18:00, Вс: выходной день'),
(121, 162, 1, 'г. Екатеринбург, ул. Бахчиванджи, д. 2', 'Здесь вы можете оформить карту «Почтовый Экспресс» или предварительно одобренный кредит на индивидуальных условиях', 'Аскона в ТЦ Докер', 'Пн-Вс: 09:00-19:00'),
(122, 162, 5, 'г. Березовский, ул. Мамина-Сибиряка, д. 3', '', 'В отделении «Почты России»', 'Пн-Пт: 08:00-13:00, 14:00-20:00, Сб: 09:00-13:00, 14:00-18:00, Вс: выходной день'),
(123, 162, 5, 'г. Березовский, ул. Театральная, д. 28', '', 'В отделении «Почты России»', 'Пн: выходной день, Вт-Сб: 08:00-13:00, 14:00-18:00, Вс: выходной день'),
(124, 162, 5, 'г. Екатеринбург, ул. Бахчиванджи, д. 17', '', 'В отделении «Почты России»', 'Пн: выходной день, Вт-Сб: 09:00-13:00, 14:00-18:00, Вс: выходной день'),
(125, 160, 5, 'г. Егорьевск, мкр. 6-й, д. 3', '', 'В отделении «Почты России»', 'Пн-Пт: 10:00-19:00, Сб-Вс: выходной день'),
(126, 160, 2, 'г. Егорьевск, 6-й микрорайон, д. 3', '', 'Через дорогу от почты, магазин "Мясной дворик".', 'Пн-Пт: 09:00-18:00, Сб-Вс: выходной день'),
(127, 160, 1, 'г. Егорьевск, ул. Советская, д. 128', '', 'м-н ДНС', 'Пн-Вс: 10:00-20:00'),
(128, 160, 1, 'г. Егорьевск, ул. Советская, д. 121', '', 'Старт Мастер', 'Пн-Вс: 10:00-20:00'),
(129, 160, 2, 'г. Егорьевск, мкр. 1-й, д. 73', '', 'Напротив бывшего кинотеатра "Комета".', 'Пн: 11:00-20:00, Вт-Пт: 09:00-20:00, Сб: 09:00-18:00, Вс: выходной день'),
(130, 160, 3, 'г. Егорьевск, ул. Советская, д. 109', '', 'Напротив отделения полиции.', 'Пн-Пт: 09:00-21:00, Сб-Вс: 10:00-17:00'),
(131, 160, 5, 'г. Егорьевск, ул. Владимирская, д. 6', '', 'В отделении «Почты России»', 'Пн: 09:00-13:00, Вт-Пт: 09:00-18:00, Сб: 09:00-13:00, Вс: выходной день'),
(132, 251, 4, 'г. Кинель, ул. Крымская, д. 2', '', 'ТЦ «Леон», справа от входа, возле лестницы', 'Пн-Вс: 09:00-19:00'),
(133, 251, 5, 'г. Кинель, ул. Маяковского, д. 79', '', 'В отделении «Почты России»', 'Пн-Пт: 09:00-13:00, 14:00-18:00, Сб-Вс: выходной день'),
(134, 251, 5, 'г. Кинель, ул. Ульяновская, д. 13', '', 'В отделении «Почты России»', 'Пн-Пт: 09:00-13:00, 14:00-18:00, Сб: 08:00-13:00, 14:00-17:00, Вс: выходной день'),
(135, 251, 5, 'г. Кинель, ул. 50 Лет Октября, д. 53', '', 'В отделении «Почты России»', 'Пн-Пт: 08:00-12:00, 13:00-18:00, Сб: 08:00-12:00, 13:00-17:00, Вс: выходной день'),
(136, 251, 5, 'г. Кинель, пгт. Усть-Кинельский, ул. Тимирязева, д. 2', '', 'В отделении «Почты России»', 'Пн-Пт: 09:00-13:00, 14:00-18:00, Сб: 09:00-13:00, 14:00-16:00, Вс: выходной день'),
(137, 282, 3, 'г. Копейск, пр-т Победы, д. 11', '', 'Остановка «Проспект Славы», рядом с салонами связи «МТС» и «Связной»', 'Пн-Пт: 09:00-21:00, Сб-Вс: 10:00-17:00'),
(138, 238, 4, 'г. Карасук, ул. Ленина, д. 8', '', '-', 'Пн-Сб: 09:00-18:00, Вс: 09:00-15:00'),
(139, 238, 5, 'г. Карасук, ул. Ленина, д. 141', '', 'В отделении «Почты России»', 'Пн-Пт: 08:00-20:00, Сб-Вс: выходной день'),
(140, 238, 2, 'г. Карасук, ул. Октябрьская, д. 75', '', 'Главпочтамт г. Карасук.', 'Пн-Пт: 08:00-20:00, Сб: 09:00-18:00, Вс: 09:00-14:00'),
(141, 233, 4, 'г. Канаш, ул. Свободы, д. 26', '', 'ТЦ «Мега Центр»', 'Пн: выходной день, Вт-Сб: 09:00-18:00, Вс: выходной день'),
(142, 216, 2, 'г. Казань, ул. Татарстан, д. 11', '', 'Остановка "Татарстан".', 'Пн-Пт: 09:30-13:00, 14:00-18:00, Сб: 09:00-13:00, Вс: выходной день'),
(143, 216, 1, 'г. Казань, ул. Декабристов, д. 8', 'Здесь вы можете оформить карту «Почтовый Экспресс» или предварительно одобренный кредит на индивидуальных условиях', 'DNS', 'Пн-Вс: 10:00-21:00'),
(144, 216, 2, 'г. Казань, ул. Петербургская, д. 52', '', 'В отделении «Почты России»', 'Пн-Пт: 09:00-13:00, 14:00-17:00, Сб: 09:00-13:00, Вс: выходной день'),
(145, 216, 2, 'г. Казань, ул. Хади Такташа, д. 75', '', 'В отделении «Почты России»', 'Пн-Пт: 09:30-13:00, 14:00-18:00, Сб: 09:00-13:00, Вс: выходной день'),
(146, 216, 1, 'г. Казань, ул. Декабристов, д. 129', 'Здесь вы можете оформить карту «Почтовый Экспресс» или предварительно одобренный кредит на индивидуальных условиях', 'DNS', 'Пн-Вс: 10:00-21:00'),
(147, 216, 3, 'г. Казань, ул. Декабристов, д. 114', '', 'Напротив «Московского» рынка, в одном здании с Почтой России. Станция метро «Яшьлек». Автобусная остановка «Улица Волгоградская», «Московский рынок».', 'Пн-Пт: 09:00-21:00, Сб-Вс: 10:00-17:00'),
(148, 216, 2, 'г. Казань, пр-т Фатыха Амирхана, д. 10А, корп. 2', '', 'Остановка "Амирхана" по ул. Ямашева.', 'Пн-Пт: 09:30-13:00, 14:00-18:00, Сб: 09:00-13:00, Вс: выходной день'),
(149, 216, 3, 'г. Казань, ул. Вишневского, д. 14', '', 'Остановка «Калинина»', 'Пн-Пт: 09:00-21:00, Сб: 10:00-17:00, Вс: выходной день'),
(150, 216, 2, 'г. Казань, ул. Лукницкого, д. 6', '', 'Остановка "Краснококшайская".', 'Пн-Пт: 09:30-13:00, 14:00-18:00, Сб: 09:00-13:00, Вс: выходной день'),
(151, 216, 1, 'г. Казань, ул. Амирхана, д. 69А', 'Здесь вы можете оформить карту «Почтовый Экспресс» или предварительно одобренный кредит на индивидуальных условиях', 'DNS', 'Пн-Вс: 10:00-21:00'),
(152, 216, 2, 'г. Казань, ул. Декабристов, д. 191', '', 'Остановка "Гагарина".', 'Пн-Пт: 09:30-13:00, 14:00-18:00, Сб: 09:00-13:00, Вс: выходной день'),
(153, 216, 3, 'г. Казань, пр-т Ямашева, д. 82', '', 'Напротив ТЦ «Савиново»', 'Пн-Пт: 09:00-21:00, Сб: 10:00-17:00, Вс: выходной день'),
(154, 216, 4, 'г. Казань, пр-т Ямашева, д. 93', '', 'ТЦ «Савиново», 2 этаж', 'Пн-Вс: 10:00-21:00'),
(155, 216, 1, 'г. Казань, пр-т Ямашева, д. 93', 'Здесь вы можете оформить карту «Почтовый Экспресс» или предварительно одобренный кредит на индивидуальных условиях', 'DNS в ТЦ Савинова', 'Пн-Вс: 10:00-22:00'),
(156, 216, 2, 'г. Казань, ул. Адоратского, д. 29А', '', 'Рынок "Адоратского".', 'Пн-Пт: 09:30-13:00, 14:00-18:00, Сб: 09:00-13:00, Вс: выходной день'),
(157, 216, 2, 'г. Казань, ул. Максимова, д. 2', '', 'Остановка "Максимова".', 'Пн-Чт: 08:30-13:00, 14:00-17:00, Пт: 09:30-13:00, 14:00-18:00, Сб: 09:00-13:00, Вс: выходной день'),
(158, 216, 2, 'г. Казань, ул. Фрунзе, д. 1', '', 'В отделении «Почты России»', 'Пн-Пт: 09:30-13:00, 14:00-18:00, Сб: 09:00-13:00, Вс: выходной день'),
(159, 216, 2, 'г. Казань, тракт Сибирский, д. 9/5', '', 'Остановка "Пионерская".', 'Пн-Пт: 09:30-18:00, Сб: 09:00-13:00, Вс: выходной день'),
(160, 216, 2, 'г. Казань, ул. Хусаина Мавлютова, д. 9', '', 'Остановка "Мавлютова" (рынок).', 'Пн-Пт: 09:30-13:00, 14:00-18:00, Сб: 09:00-13:00, Вс: выходной день'),
(161, 216, 2, 'г. Казань, ул. Рихарда Зорге, д. 57', '', 'В отделении «Почты России»', 'Пн-Пт: 09:30-13:00, 14:00-18:00, Сб: 09:00-13:00, Вс: выходной день'),
(162, 216, 2, 'г. Казань, ул. Беломорская, д. 73', '', 'В отделении «Почты России»', 'Пн-Пт: 09:30-13:00, 14:00-18:00, Сб: 09:00-13:00, Вс: выходной день'),
(163, 216, 1, 'г. Казань, ул. Рихарда Зорге, д. 66', 'Здесь вы можете оформить карту «Почтовый Экспресс» или предварительно одобренный кредит на индивидуальных условиях', 'DNS в ТЦ Олимп', 'Пн-Вс: 10:00-22:00'),
(164, 216, 2, 'г. Казань, ул. Академика Сахарова, д. 27', '', 'Остановка "Сахарова" по ул. Бигичева.', 'Пн-Пт: 09:30-13:00, 14:00-18:00, Сб: 09:00-13:00, Вс: выходной день'),
(165, 216, 2, 'г. Казань, ул. Юлиуса Фучика, д. 34', '', 'Остановка "Фучика", пересечение Зорге - Фучика.', 'Пн-Пт: 09:30-13:00, 14:00-18:00, Сб: 09:00-13:00, Вс: выходной день'),
(166, 216, 2, 'г. Казань, ул. Мира, д. 45', '', 'В отделении «Почты России»', 'Пн-Пт: 09:30-13:00, 14:00-18:00, Сб: 09:00-13:00, Вс: выходной день'),
(167, 216, 2, 'г. Казань, ул. Юлиуса Фучика, д. 72', '', 'Остановка "10 микрорайон".', 'Пн-Пт: 09:30-13:00, 14:00-18:00, Сб: 09:00-13:00, Вс: выходной день'),
(168, 10, 5, 'г. Азов, пр-т Зои Космодемьянской, д. 86', '', 'В отделении «Почты России»', 'Пн-Пт: 08:00-20:00, Сб: 09:00-18:00, Вс: выходной день'),
(169, 10, 1, 'г. Азов, пр-т Зои Космодемьянской, д. 61', 'Здесь вы можете оформить карту «Почтовый Экспресс» или предварительно одобренный кредит на индивидуальных условиях', 'ДНС', 'Пн-Вс: 09:00-20:00'),
(170, 10, 2, 'г. Азов, бул. Петровский, д. 22', '', 'Недалеко Школа №1', 'Пн-Пт: 09:00-19:00, Сб: 09:00-18:00, Вс: выходной день'),
(171, 10, 3, 'г. Азов, ул. Ленина, д. 72', '', 'Центральный рынок, в ТЦ «Шекспир».', 'Пн-Пт: 09:00-21:00, Сб-Вс: 10:00-17:00'),
(172, 10, 5, 'г. Азов, ул. Толстого, д. 102', '', 'В отделении «Почты России»', 'Пн-Пт: 08:00-20:00, Сб: 09:00-18:00, Вс: выходной день'),
(173, 10, 5, 'г. Азов, ул. Толстого, д. 306', '', 'В отделении «Почты России»', 'Пн-Пт: 08:00-20:00, Сб: 09:00-18:00, Вс: выходной день'),
(174, 10, 5, 'г. Азов, пер. Димитрова, д. 34', '', 'В отделении «Почты России»', 'Пн-Пт: 08:00-20:00, Сб: 09:00-18:00, Вс: выходной день'),
(175, 10, 2, 'г. Азов, ул. Макаровского, д. 100', '', 'В отделении «Почты России»', 'Пн-Пт: 09:00-18:00, Сб-Вс: выходной день'),
(176, 10, 5, 'с. Кагальник, ул. Советская, д. 52', '', 'В отделении «Почты России»', 'Пн-Пт: 08:00-20:00, Сб: 09:00-18:00, Вс: выходной день'),
(177, 221, 3, 'г. Калининград, пр-т Ленинский, д. 6-8', '', 'Рядом с магазином «Ультра» и кафе «Поварешка». Недалеко от пересечения с ул. Барнаульской.', 'Пн-Пт: 09:00-21:00, Сб-Вс: 10:00-17:00,'),
(178, 221, 1, 'г. Калининград, ул. Театральная, д. 19', 'Здесь вы можете оформить карту «Почтовый Экспресс» или предварительно одобренный кредит на индивидуальных условиях', 'G8 Театральная', 'Пн-Вс: 10:00-19:00'),
(179, 221, 1, 'г. Калининград, ул. Генерал-Лейтенанта Озерова, д. 17Б', 'Здесь вы можете оформить карту «Почтовый Экспресс» или предварительно одобренный кредит на индивидуальных условиях', 'Мебель для дома Мега в Мега', 'Пн-Вс: 10:00-19:00'),
(180, 221, 1, 'г. Калининград, ул. Профессора Баранова, д. 34', 'Здесь вы можете оформить карту «Почтовый Экспресс» или предварительно одобренный кредит на индивидуальных условиях', 'Сохо_Акрополь в Акрополь', 'Пн-Вс: 09:00-18:00'),
(181, 221, 1, 'г. Калининград, пл. Победы, д. 4', 'Здесь вы можете оформить карту «Почтовый Экспресс» или предварительно одобренный кредит на индивидуальных условиях', 'КД Маркет КДЦ', 'Пн-Вс: 10:00-19:00'),
(182, 221, 1, 'г. Калининград, пр-т Ленинский, д. 30', 'Здесь вы можете оформить карту «Почтовый Экспресс» или предварительно одобренный кредит на индивидуальных условиях', 'КД Маркет Плаза в Плаза', 'Пн-Вс: 10:00-19:00'),
(183, 221, 3, 'г. Калининград, пр-т Советский, д. 2А', '', 'В ТЦ «Гермес», рядом с «Макдоналдс»', 'Пн-Пт: 09:00-21:00, Сб: 10:00-17:00, Вс: выходной день'),
(184, 221, 2, 'г. Калининград, ул. Черняховского, д. 32', '', 'Остановка развлекательный комплекс "Планета".', 'Пн: 09:00-18:00, Вт-Пт: 09:00-20:00, Сб: 09:00-18:00, Вс: выходной день'),
(185, 221, 1, 'г. Калининград, ул.Шевченко, д. 1/5', 'Здесь вы можете оформить карту «Почтовый Экспресс» или предварительно одобренный кредит на индивидуальных условиях', 'Гринвест_Шевченко', 'Пн-Вс: 09:00-18:00'),
(186, 221, 1, 'г. Калининград, ул. Мусорского, д. 10', 'Здесь вы можете оформить карту «Почтовый Экспресс» или предварительно одобренный кредит на индивидуальных условиях', 'КД Маркет Мега в Мега', 'Пн-Вс: 10:00-19:00'),
(187, 221, 3, 'г. Калининград, пр-т Ленинский, д. 95-101', '', 'Напротив магазина «Рубин»', 'Пн-Пт: 09:00-21:00, Сб: 10:00-17:00, Вс: выходной день'),
(188, 221, 5, 'г. Калининград, ул. Краснооктябрьская, д. 6', '', 'В отделении «Почты России»', 'Пн-Пт: 08:00-20:00, Сб: 09:00-18:00, Вс: выходной день'),
(189, 221, 1, 'г. Калининград, ул. Багратиона, д. 75/79', 'Здесь вы можете оформить карту «Почтовый Экспресс» или предварительно одобренный кредит на индивидуальных условиях', 'Гринвест_Багратиона', 'Пн-Вс: 09:00-18:00'),
(190, 221, 2, 'г. Калининград, ул. 9 Апреля, д. 7', '', 'Напротив Пенсионного фонда, рядом с супермаркетом "Виктория".', 'Пн: 09:00-18:00, Вт-Пт: 09:00-20:00, Сб: 09:00-18:00, Вс: выходной день'),
(191, 221, 2, 'г. Калининград, пр-т Московский, д. 99', '', 'Возле новой Эстакады, здание Почты.', 'Пн: 11:00-20:00, Вт-Пт: 09:00-20:00, Сб: 09:00-18:00, Вс: выходной день'),
(192, 221, 2, 'г. Калининград, ул. Космонавта Леонова, д. 22', '', 'Напротив суда "Центрального района".', 'Пн: 11:00-20:00, Вт-Пт: 09:00-20:00, Сб: 09:00-18:00, Вс: выходной день'),
(193, 221, 2, 'г. Калининград, ул. Горького, д. 148', '', 'Напротив мини-рынка, рядом с круассан кафе.', 'Пн: 11:00-20:00, Вт-Пт: 09:00-20:00, Сб: 09:00-18:00, Вс: выходной день'),
(194, 221, 5, 'г. Калининград, ул. Тельмана, д. 32', '', 'В отделении «Почты России»', 'Пн-Пт: 08:00-20:00, Сб: 09:00-18:00, Вс: выходной день'),
(195, 221, 5, 'г. Калининград, ул. Горького, д. 170', '', 'В отделении «Почты России»', 'Пн-Пт: 08:00-20:00, Сб: 09:00-18:00, Вс: 09:00-14:00'),
(196, 221, 5, 'г. Калининград, ул. Маршала Борзова, д. 53', '', 'В отделении «Почты России»', 'Пн-Пт: 08:00-20:00, Сб: 09:00-18:00, Вс: выходной день'),
(197, 221, 1, 'г. Калининград, пр-т Советский, д. 125', 'Здесь вы можете оформить карту «Почтовый Экспресс» или предварительно одобренный кредит на индивидуальных условиях', 'Балтламинат в Балтламинат', 'Пн-Вс: 10:00-19:00'),
(198, 221, 5, 'г. Калининград, ул. Машиностроительная, д. 64', '', 'В отделении «Почты России»', 'Пн-Пт: 08:00-20:00, Сб: 09:00-18:00, Вс: выходной день'),
(199, 221, 1, 'г. Калининград, пр-т Московский, д. 171', 'Здесь вы можете оформить карту «Почтовый Экспресс» или предварительно одобренный кредит на индивидуальных условиях', 'Стандарт мебель в Сити', 'Пн-Вс: 10:00-19:00'),
(200, 221, 5, 'г. Калининград, ул. Зои Космодемьянской, д. 23', '', 'В отделении «Почты России»', 'Пн-Пт: 08:00-20:00, Сб: 09:00-18:00, Вс: выходной день'),
(201, 221, 5, 'г. Калининград, бул. Шевцовой, д. 42', '', 'В отделении «Почты России»', 'Пн-Пт: 08:00-20:00, Сб: 09:00-18:00, Вс: выходной день'),
(202, 221, 5, 'г. Калининград, ул. Киевская, д. 84', '', 'В отделении «Почты России»', 'Пн-Пт: 08:00-20:00, Сб: 09:00-18:00, Вс: 09:00-14:00'),
(203, 221, 5, 'г. Калининград, ул. Подполковника Емельянова, д. 82', '', 'В отделении «Почты России»', 'Пн-Пт: 08:00-20:00, Сб: 09:00-18:00, Вс: выходной день'),
(204, 221, 5, 'г. Калининград, ул. Молодой Гвардии, д. 1', '', 'В отделении «Почты России»', 'Пн-Пт: 08:00-20:00, Сб: 09:00-18:00, Вс: выходной день'),
(205, 221, 5, 'г. Калининград, ул. Красносельская, д. 32', '', 'В отделении «Почты России»', 'Пн-Пт: 08:00-20:00, Сб: 09:00-18:00, Вс: выходной день'),
(206, 221, 5, 'г. Калининград, ул. Можайская, д. 36', '', 'В отделении «Почты России»', 'Пн-Пт: 08:00-20:00, Сб: 09:00-18:00, Вс: выходной день'),
(207, 221, 1, 'г. Калининград, пр-т Московский, д. 255', 'Здесь вы можете оформить карту «Почтовый Экспресс» или предварительно одобренный кредит на индивидуальных условиях', 'Гринвест_Гиант в Гиант', 'Пн-Вс: 09:00-18:00'),
(208, 221, 5, 'пос. Васильково, ул. Шатурская, д. 8А', '', 'В отделении «Почты России»', 'Пн: выходной день, Вт-Сб: 09:00-14:00, 15:00-18:00, Вс: выходной день'),
(209, 221, 5, 'г. Калининград, ул. Лужская, д. 12', '', 'В отделении «Почты России»', 'Пн-Пт: 08:00-20:00, Сб: 09:00-18:00, Вс: выходной день');

-- --------------------------------------------------------

--
-- Table structure for table `office_feature`
--

CREATE TABLE `office_feature` (
  `id` int(11) NOT NULL,
  `office_feature` varchar(255) NOT NULL
) ENGINE=InnoDB DEFAULT CHARSET=utf8;

--
-- Dumping data for table `office_feature`
--

INSERT INTO `office_feature` (`id`, `office_feature`) VALUES
(1, '«Почтовый Экспресс» и кредиты на индивидуальных условиях в точках партнеров'),
(2, 'Клиентский центр в отделении Почты России (сотрудник Почта Банка)'),
(3, 'Клиентский центр'),
(4, 'Стойка продаж'),
(5, 'Клиентский центр в отделении Почты России (сотрудник Почты России)');

-- --------------------------------------------------------

--
-- Table structure for table `services_atm`
--

CREATE TABLE `services_atm` (
  `id` int(11) NOT NULL,
  `service` varchar(100) NOT NULL
) ENGINE=InnoDB DEFAULT CHARSET=utf8;

--
-- Dumping data for table `services_atm`
--

INSERT INTO `services_atm` (`id`, `service`) VALUES
(1, 'прием наличных'),
(2, 'выдача наличных'),
(3, 'прием/выдача наличных');

-- --------------------------------------------------------

--
-- Table structure for table `whose_atm`
--

CREATE TABLE `whose_atm` (
  `id` int(2) NOT NULL,
  `bank_name` char(255) NOT NULL
) ENGINE=InnoDB DEFAULT CHARSET=utf8;

--
-- Dumping data for table `whose_atm`
--

INSERT INTO `whose_atm` (`id`, `bank_name`) VALUES
(1, 'Банкомат «Почта Банка»'),
(2, 'Банкомат ВТБ24');

--
-- Indexes for dumped tables
--

--
-- Indexes for table `atms`
--
ALTER TABLE `atms`
  ADD PRIMARY KEY (`id`);

--
-- Indexes for table `goroda`
--
ALTER TABLE `goroda`
  ADD PRIMARY KEY (`id`);

--
-- Indexes for table `goroda_draft`
--
ALTER TABLE `goroda_draft`
  ADD PRIMARY KEY (`id`);

--
-- Indexes for table `office`
--
ALTER TABLE `office`
  ADD PRIMARY KEY (`id`);

--
-- Indexes for table `office_feature`
--
ALTER TABLE `office_feature`
  ADD PRIMARY KEY (`id`);

--
-- Indexes for table `services_atm`
--
ALTER TABLE `services_atm`
  ADD PRIMARY KEY (`id`);

--
-- Indexes for table `whose_atm`
--
ALTER TABLE `whose_atm`
  ADD PRIMARY KEY (`id`);

--
-- AUTO_INCREMENT for dumped tables
--

--
-- AUTO_INCREMENT for table `atms`
--
ALTER TABLE `atms`
  MODIFY `id` int(11) NOT NULL AUTO_INCREMENT, AUTO_INCREMENT=327;
--
-- AUTO_INCREMENT for table `goroda`
--
ALTER TABLE `goroda`
  MODIFY `id` int(11) NOT NULL AUTO_INCREMENT, AUTO_INCREMENT=696;
--
-- AUTO_INCREMENT for table `goroda_draft`
--
ALTER TABLE `goroda_draft`
  MODIFY `id` int(11) NOT NULL AUTO_INCREMENT, AUTO_INCREMENT=696;
--
-- AUTO_INCREMENT for table `office`
--
ALTER TABLE `office`
  MODIFY `id` int(11) NOT NULL AUTO_INCREMENT, AUTO_INCREMENT=210;
--
-- AUTO_INCREMENT for table `office_feature`
--
ALTER TABLE `office_feature`
  MODIFY `id` int(11) NOT NULL AUTO_INCREMENT, AUTO_INCREMENT=6;
--
-- AUTO_INCREMENT for table `services_atm`
--
ALTER TABLE `services_atm`
  MODIFY `id` int(11) NOT NULL AUTO_INCREMENT, AUTO_INCREMENT=4;
--
-- AUTO_INCREMENT for table `whose_atm`
--
ALTER TABLE `whose_atm`
  MODIFY `id` int(2) NOT NULL AUTO_INCREMENT, AUTO_INCREMENT=3;
/*!40101 SET CHARACTER_SET_CLIENT=@OLD_CHARACTER_SET_CLIENT */;
/*!40101 SET CHARACTER_SET_RESULTS=@OLD_CHARACTER_SET_RESULTS */;
/*!40101 SET COLLATION_CONNECTION=@OLD_COLLATION_CONNECTION */;
